-- MariaDB dump 10.19  Distrib 10.6.7-MariaDB, for debian-linux-gnu (x86_64)
--
-- Host: localhost    Database: gestion_empleados
-- ------------------------------------------------------
-- Server version	10.6.7-MariaDB-2ubuntu1.1

/*!40101 SET @OLD_CHARACTER_SET_CLIENT=@@CHARACTER_SET_CLIENT */;
/*!40101 SET @OLD_CHARACTER_SET_RESULTS=@@CHARACTER_SET_RESULTS */;
/*!40101 SET @OLD_COLLATION_CONNECTION=@@COLLATION_CONNECTION */;
/*!40101 SET NAMES utf8mb4 */;
/*!40103 SET @OLD_TIME_ZONE=@@TIME_ZONE */;
/*!40103 SET TIME_ZONE='+00:00' */;
/*!40014 SET @OLD_UNIQUE_CHECKS=@@UNIQUE_CHECKS, UNIQUE_CHECKS=0 */;
/*!40014 SET @OLD_FOREIGN_KEY_CHECKS=@@FOREIGN_KEY_CHECKS, FOREIGN_KEY_CHECKS=0 */;
/*!40101 SET @OLD_SQL_MODE=@@SQL_MODE, SQL_MODE='NO_AUTO_VALUE_ON_ZERO' */;
/*!40111 SET @OLD_SQL_NOTES=@@SQL_NOTES, SQL_NOTES=0 */;

--
-- Table structure for table `conceptos`
--

DROP TABLE IF EXISTS `conceptos`;
/*!40101 SET @saved_cs_client     = @@character_set_client */;
/*!40101 SET character_set_client = utf8 */;
CREATE TABLE `conceptos` (
  `ID_CONCEPTO` int(11) NOT NULL,
  `NOMBRE_CONCEPTO` text NOT NULL,
  `TIPO` text NOT NULL,
  `PORCENTAJE` varchar(50) DEFAULT NULL,
  `Ind_Sal_Hora_C_NC` text NOT NULL,
  `Descripccion` varchar(128) DEFAULT NULL,
  PRIMARY KEY (`ID_CONCEPTO`)
) ENGINE=InnoDB DEFAULT CHARSET=utf8mb4;
/*!40101 SET character_set_client = @saved_cs_client */;

--
-- Dumping data for table `conceptos`
--

LOCK TABLES `conceptos` WRITE;
/*!40000 ALTER TABLE `conceptos` DISABLE KEYS */;
INSERT INTO `conceptos` VALUES (1,'Cooperativa','E','NULL','NC','Campo NO calculado, valor definido'),(2,'Bonificacion','I','NULL','NC','Campo NO calculado, valor definido'),(3,'Sindicato','E','0,01','S','Campo calculado, porcentaje del salario'),(4,'Libranza','E','NULL','C','Consulta de tabla'),(5,'Aportes Empledo Salud','E','0,04','S','Campo calculado, porcentaje del salario'),(6,'Aportes Empleado Pension','E','0,04','S','Campo calculado, porcentaje del salario'),(7,'Comision','I','NULL','NC','Campo NO calculado, valor definido'),(8,'Sueldo Devengado','I','NULL','C','Consulta de tabla'),(9,'Hora Extra Diurna','I','0,25','H','Campo calculado, porcentaje de valor adicional por hora trabajada'),(10,'Hora Extra Nocturna','I','0,5','H','Campo calculado, porcentaje de valor adicional por hora trabajada'),(11,'Horas Extra Dominical y Festivo Diurna','I','1,5','H','Campo calculado, porcentaje de valor adicional por hora trabajada'),(12,'Hora Extra Dominical y Festivo Nocturna','I','2','H','Campo calculado, porcentaje de valor adicional por hora trabajada'),(13,'Hora Dominical y Festivo Diurna','I','0,75','H','Campo calculado, porcentaje de valor adicional por hora trabajada'),(14,'Hora Dominical y Festivo Nocturna','I','1','H','Campo calculado, porcentaje de valor adicional por hora trabajada');
/*!40000 ALTER TABLE `conceptos` ENABLE KEYS */;
UNLOCK TABLES;

--
-- Table structure for table `contratos`
--

DROP TABLE IF EXISTS `contratos`;
/*!40101 SET @saved_cs_client     = @@character_set_client */;
/*!40101 SET character_set_client = utf8 */;
CREATE TABLE `contratos` (
  `ID_CONTRATO` int(11) NOT NULL,
  `employee_id` int(11) unsigned DEFAULT NULL,
  `ID_TIPO` int(11) NOT NULL,
  `FECHA_INICIO` date NOT NULL,
  `fecha_fin` date DEFAULT NULL,
  `SALARIO` int(11) NOT NULL,
  PRIMARY KEY (`ID_CONTRATO`),
  KEY `ID_TIPO` (`ID_TIPO`),
  KEY `employee_id` (`employee_id`),
  CONSTRAINT `contratos_ibfk_1` FOREIGN KEY (`ID_TIPO`) REFERENCES `tipo_contrato` (`ID_TIPO`),
  CONSTRAINT `contratos_ibfk_2` FOREIGN KEY (`employee_id`) REFERENCES `hr`.`employees` (`employee_id`)
) ENGINE=InnoDB DEFAULT CHARSET=utf8mb4;
/*!40101 SET character_set_client = @saved_cs_client */;

--
-- Dumping data for table `contratos`
--

LOCK TABLES `contratos` WRITE;
/*!40000 ALTER TABLE `contratos` DISABLE KEYS */;
INSERT INTO `contratos` VALUES (1,100,1,'1987-06-17',NULL,24000),(2,101,1,'1989-09-21',NULL,17000),(3,102,1,'1993-01-13',NULL,17000),(4,103,1,'1990-01-03',NULL,9000),(5,104,1,'1991-05-21',NULL,6000),(6,105,1,'1997-06-25',NULL,4800),(7,106,6,'1998-02-05','2001-06-30',4800),(8,107,2,'1999-02-07','2020-06-30',4200),(9,108,1,'1994-08-17',NULL,12000),(10,109,4,'1994-08-16','2021-10-30',9000),(11,110,1,'1997-09-28',NULL,8200),(12,111,1,'1997-09-30',NULL,7700),(13,112,4,'1998-03-07','1998-06-30',7800),(14,113,5,'1999-12-07','2000-06-30',6900),(15,114,1,'1994-12-07',NULL,11000),(16,115,4,'1995-05-18','1995-06-30',3100),(17,116,4,'1997-12-24','2021-06-30',2900),(18,117,1,'1997-07-24',NULL,2800),(19,118,1,'1998-11-15',NULL,2600),(20,119,4,'1999-08-10','1999-10-30',2500),(21,120,1,'1996-07-18',NULL,8000),(22,121,1,'1997-04-10',NULL,8200),(23,122,1,'1995-05-01',NULL,7900),(24,123,1,'1997-10-10',NULL,6500),(25,124,1,'1999-11-16',NULL,5800),(26,125,4,'1997-07-16','1997-11-30',3200),(27,126,2,'1998-09-28','2020-06-30',2700),(28,127,6,'1999-01-14','2001-06-30',2400),(29,128,1,'2000-03-08',NULL,2200),(30,129,1,'1997-08-20',NULL,3300),(31,130,6,'1997-10-30','2001-06-30',2800),(32,131,5,'1997-02-16','2000-06-30',2500),(33,132,1,'1999-04-10',NULL,2100),(34,133,1,'1996-06-14',NULL,3300),(35,134,2,'1998-08-26','2020-06-30',2900),(36,135,2,'1999-12-12','2020-06-30',2400),(37,136,4,'2000-02-06','2002-06-30',2200),(38,137,1,'1995-07-14',NULL,3600),(39,138,1,'1997-10-26',NULL,3200),(40,139,6,'1998-02-12','2001-06-30',2700),(41,140,2,'1998-04-06','2018-06-30',2500),(42,141,2,'1995-10-17','2018-06-30',3500),(43,142,2,'1997-01-29','2021-06-30',3100),(44,143,4,'1998-03-15','1998-06-30',2000),(45,144,2,'1998-07-09','2019-06-30',2500),(46,145,1,'1996-10-01',NULL,14000),(47,146,1,'1997-01-05',NULL,13500),(48,147,1,'1997-03-10',NULL,12000),(49,148,1,'1999-10-15',NULL,11000),(50,149,1,'2000-01-29',NULL,10500),(51,150,2,'1997-01-30','2021-06-30',10000),(52,151,6,'1997-03-24','2001-06-30',9500),(53,152,4,'1997-08-20','2021-12-30',9000),(54,153,1,'1998-03-30',NULL,8000),(55,154,1,'1998-12-09',NULL,7500),(56,155,4,'1999-11-23','2000-01-30',7000),(57,156,2,'1996-01-30','2021-06-30',10000),(58,157,6,'1996-03-04','2001-06-30',9500),(59,158,1,'1996-08-01',NULL,9000),(60,159,1,'1997-03-10',NULL,8000),(61,160,2,'1997-12-15','2020-06-30',7500),(62,161,3,'1998-11-03','1998-12-31',7000),(63,162,2,'1997-11-11','2020-06-30',10500),(64,163,2,'1999-03-19','2021-11-30',9500),(65,164,6,'2000-01-24','2001-06-30',7200),(66,165,4,'2000-02-23','2022-03-30',6800),(67,166,1,'2000-03-24','1998-06-30',6400),(68,167,1,'2000-04-21','2019-06-30',6200),(69,168,4,'1997-03-11','1997-06-30',11500),(70,169,2,'1998-03-23','2021-10-30',10000),(71,170,2,'1998-01-24','1997-11-30',9600),(72,171,2,'1999-02-23','2021-06-30',7400),(73,172,4,'1999-03-24','1999-06-30',7300),(74,173,1,'2000-04-21','1997-12-30',6100),(75,175,1,'1997-03-19','2022-01-30',8800),(76,176,2,'1998-03-24','2021-06-30',8600),(77,177,4,'1998-04-23','1998-06-30',8400),(78,178,6,'1999-05-24','2001-06-30',7000),(79,179,2,'2000-01-04','2000-01-30',6200),(80,180,2,'1998-01-24','2000-10-30',3200),(81,181,1,'1998-02-23','1997-06-30',3100),(82,182,1,'1999-06-21','1999-06-30',2500),(83,183,2,'2000-02-03','2020-12-31',2800),(84,184,2,'1996-01-27','2020-11-30',4200),(85,185,1,'1997-02-20',NULL,4100),(86,186,1,'1998-06-24',NULL,3400),(87,187,4,'1999-02-07','1999-10-30',3000),(88,188,2,'1997-06-14','2021-06-30',3800),(89,189,2,'1997-08-13','2021-06-30',3600),(90,190,4,'1998-07-11','1998-10-15',2900),(91,191,4,'1999-12-19','2000-10-15',2500),(92,192,1,'1996-02-04',NULL,4000),(93,193,1,'1997-03-03',NULL,3900),(94,194,1,'1998-07-01',NULL,3200),(95,195,4,'1999-03-17','1999-10-15',2800),(96,196,4,'1998-04-24','2021-10-15',3100),(97,197,1,'1998-05-23',NULL,3000),(98,198,1,'1999-06-21',NULL,2600),(99,199,1,'2000-01-13',NULL,2600),(100,200,4,'1987-09-17','2021-10-15',4000),(101,201,1,'1996-02-17',NULL,13000),(102,202,1,'1997-08-17',NULL,6000),(103,203,6,'1994-06-07','2001-06-30',6500),(104,204,2,'1994-06-07','2021-06-30',10000),(105,205,1,'1994-06-07',NULL,12000),(106,206,4,'1994-06-07','1994-10-15',8300);
/*!40000 ALTER TABLE `contratos` ENABLE KEYS */;
UNLOCK TABLES;

--
-- Table structure for table `libranzas`
--

DROP TABLE IF EXISTS `libranzas`;
/*!40101 SET @saved_cs_client     = @@character_set_client */;
/*!40101 SET character_set_client = utf8 */;
CREATE TABLE `libranzas` (
  `ID_LIBRANZA` int(11) NOT NULL,
  `ID_CONTRATO` int(11) NOT NULL,
  `VALOR` int(11) NOT NULL,
  `FECHA_INICIAL` date NOT NULL,
  `TOTAL_CUOTAS` int(11) NOT NULL,
  `CUOTA_ACTUAL` int(11) NOT NULL,
  PRIMARY KEY (`ID_LIBRANZA`),
  KEY `ID_CONTRATO` (`ID_CONTRATO`),
  CONSTRAINT `libranzas_ibfk_1` FOREIGN KEY (`ID_CONTRATO`) REFERENCES `contratos` (`ID_CONTRATO`)
) ENGINE=InnoDB DEFAULT CHARSET=utf8mb4;
/*!40101 SET character_set_client = @saved_cs_client */;

--
-- Dumping data for table `libranzas`
--

LOCK TABLES `libranzas` WRITE;
/*!40000 ALTER TABLE `libranzas` DISABLE KEYS */;
INSERT INTO `libranzas` VALUES (1,15,10620,'2022-02-01',48,44),(2,17,10080,'2017-02-02',48,44),(3,19,6225,'2017-02-03',48,44),(4,21,9056,'2018-02-04',36,33),(5,22,8344,'2018-02-05',36,33),(6,23,6880,'2018-02-06',36,33),(7,24,6372,'2022-02-01',36,33),(8,25,6570,'2018-02-08',36,33),(9,27,7770,'2018-02-09',36,33),(10,29,5200,'2018-02-10',36,33),(11,30,8555,'2018-02-11',36,33),(12,33,7170,'2018-02-12',36,33),(13,34,8316,'2020-02-13',12,11),(14,35,8120,'2019-02-14',24,22),(15,36,6525,'2019-02-15',24,22),(16,38,7776,'2019-02-16',24,22),(17,76,7038,'2019-02-17',24,22),(18,83,5994,'2020-04-18',12,11),(19,84,6784,'2020-04-19',12,11),(20,85,7884,'2017-02-20',48,44),(21,86,9568,'2019-02-21',24,22),(22,88,8151,'2022-03-22',48,44),(23,89,6120,'2019-02-23',24,22),(24,92,6125,'2020-02-24',12,11),(25,93,5550,'2020-05-25',12,11),(26,94,9152,'2020-05-26',12,11),(27,97,6175,'2020-06-27',12,11),(28,98,9636,'2020-06-28',12,11);
/*!40000 ALTER TABLE `libranzas` ENABLE KEYS */;
UNLOCK TABLES;

--
-- Table structure for table `lugares`
--

DROP TABLE IF EXISTS `lugares`;
/*!40101 SET @saved_cs_client     = @@character_set_client */;
/*!40101 SET character_set_client = utf8 */;
CREATE TABLE `lugares` (
  `Id_Lugar` int(11) NOT NULL,
  `Nombre_Lugar` text NOT NULL,
  `Tipo_Lugar` text NOT NULL,
  `Id_Lugar_Padre` int(11) DEFAULT NULL,
  PRIMARY KEY (`Id_Lugar`),
  KEY `Id_Lugar_Padre` (`Id_Lugar_Padre`),
  CONSTRAINT `lugares_ibfk_1` FOREIGN KEY (`Id_Lugar_Padre`) REFERENCES `lugares` (`Id_Lugar`)
) ENGINE=InnoDB DEFAULT CHARSET=utf8mb4;
/*!40101 SET character_set_client = @saved_cs_client */;

--
-- Dumping data for table `lugares`
--

LOCK TABLES `lugares` WRITE;
/*!40000 ALTER TABLE `lugares` DISABLE KEYS */;
INSERT INTO `lugares` VALUES (1,'Alemania','P',NULL),(2,'Australia','P',NULL),(3,'Brasil','P',NULL),(4,'Canadá','P',NULL),(5,'Dinamarca','P',NULL),(6,'España','P',NULL),(7,'Estados Unidos','P',NULL),(8,'Finlandia','P',NULL),(9,'Francia','P',NULL),(10,'Holanda','P',NULL),(11,'Italia','P',NULL),(12,'Japón','P',NULL),(13,'Noruega','P',NULL),(14,'Reino Unido','P',NULL),(15,'Singapur','P',NULL),(16,'Suecia','P',NULL),(17,'Argentina','P',NULL),(18,'Austria','P',NULL),(19,'Bélgica','P',NULL),(20,'Irlanda','P',NULL),(21,'México','P',NULL),(22,'Polonia','P',NULL),(23,'Portugal','P',NULL),(24,'Suiza','P',NULL),(25,'Venezuela','P',NULL),(101,'Berlín','C',1),(102,'Frankfurt','C',1),(103,'Aachen','C',1),(104,'Brandenburg','C',1),(105,'Cunewalde','C',1),(106,'Frankfurt a.M. ','C',1),(107,'Köln','C',1),(108,'Leipzig','C',1),(109,'Mannheim','C',1),(110,'München','C',1),(111,'Münster','C',1),(112,'Stuttgart','C',1),(113,'Cuxhaven','C',1),(201,'Melbourne','C',2),(202,'Sydney','C',2),(301,'São Paulo','C',3),(302,'Campinas','C',3),(303,'Resende','C',3),(304,'Río de Janeiro','C',3),(401,'Montréal','C',4),(402,'Ste-Hyacinthe','C',4),(403,'Vancouver','C',4),(404,'Tsawassen','C',4),(501,'Lyngby','C',5),(502,'Århus','C',5),(503,'København','C',5),(601,'Oviedo','C',6),(602,'Barcelona','C',6),(603,'Madrid','C',6),(604,'Sevilla','C',6),(701,'New Orleans','C',7),(702,'Ann Arbor','C',7),(703,'Bend','C',7),(704,'Boston','C',7),(705,'Albuquerque','C',7),(706,'Anchorage','C',7),(707,'Boise','C',7),(708,'Butte','C',7),(709,'Elgin','C',7),(710,'Eugene','C',7),(711,'Kirkland','C',7),(712,'Lander','C',7),(713,'Portland','C',7),(714,'San Francisco','C',7),(715,'Seattle','C',7),(716,'Walla Walla','C',7),(717,'Redmond','C',7),(718,'Tacoma','C',7),(801,'Lappeenranta','C',8),(802,'Helsinki','C',8),(803,'Oulu','C',8),(901,'París','C',9),(902,'Montceau','C',9),(903,'Annecy','C',9),(904,'Lille','C',9),(905,'Lyon','C',9),(906,'Marseille','C',9),(907,'Nantes','C',9),(908,'Reims','C',9),(909,'Strasbourg','C',9),(910,'Toulouse','C',9),(911,'Versailles','C',9),(912,'Estrasburgo','C',9),(1001,'Zaandam','C',10),(1101,'Ravenna','C',11),(1102,'Salerno','C',11),(1103,'Bérgamo','C',11),(1104,'Reggio Emilia','C',11),(1105,'Torino','C',11),(1201,'Tokyo','C',12),(1202,'Osaka','C',12),(1301,'Sandvika','C',13),(1302,'Stavern','C',13),(1401,'Londres','C',14),(1402,'Manchester','C',14),(1403,'Colchester','C',14),(1404,'Cowes','C',14),(1501,'Singapore','C',15),(1601,'Göteborg','C',16),(1602,'Stockholm','C',16),(1603,'Bräcke','C',16),(1604,'Luleå','C',16),(1701,'Buenos Aires','C',17),(1801,'Graz','C',18),(1802,'Salzburg','C',18),(1901,'Bruxelles','C',19),(1902,'Charleroi','C',19),(1903,'Bruselas','C',19),(2001,'Cork','C',20),(2101,'México D.F.','C',21),(2201,'Warszawa','C',22),(2301,'Lisboa','C',23),(2401,'Bern','C',24),(2402,'Genève','C',24),(2501,'Barquisimeto','C',25),(2502,'Caracas','C',25),(2503,'I. de Margarita','C',25),(2504,'San Cristóbal','C',25);
/*!40000 ALTER TABLE `lugares` ENABLE KEYS */;
UNLOCK TABLES;

--
-- Table structure for table `nomina`
--

DROP TABLE IF EXISTS `nomina`;
/*!40101 SET @saved_cs_client     = @@character_set_client */;
/*!40101 SET character_set_client = utf8 */;
CREATE TABLE `nomina` (
  `ID_CONTRATO` int(11) NOT NULL,
  `ID_CONCEPTO` int(11) NOT NULL,
  `D_PERIODO` int(11) NOT NULL,
  `VALOR` varchar(50) DEFAULT NULL,
  `NUM_HORAS` varchar(50) DEFAULT NULL,
  PRIMARY KEY (`ID_CONTRATO`,`ID_CONCEPTO`,`D_PERIODO`),
  KEY `ID_CONCEPTO` (`ID_CONCEPTO`),
  KEY `D_PERIODO` (`D_PERIODO`),
  CONSTRAINT `nomina_ibfk_1` FOREIGN KEY (`ID_CONTRATO`) REFERENCES `contratos` (`ID_CONTRATO`),
  CONSTRAINT `nomina_ibfk_2` FOREIGN KEY (`ID_CONCEPTO`) REFERENCES `conceptos` (`ID_CONCEPTO`),
  CONSTRAINT `nomina_ibfk_3` FOREIGN KEY (`D_PERIODO`) REFERENCES `periodos` (`Id_Periodo`)
) ENGINE=InnoDB DEFAULT CHARSET=utf8mb4;
/*!40101 SET character_set_client = @saved_cs_client */;

--
-- Dumping data for table `nomina`
--

LOCK TABLES `nomina` WRITE;
/*!40000 ALTER TABLE `nomina` DISABLE KEYS */;
INSERT INTO `nomina` VALUES (1,1,21,'353','NULL'),(1,1,23,'353','NULL'),(1,1,24,'353','NULL'),(1,1,25,'353','NULL'),(1,1,26,'353','NULL'),(1,2,15,'3997','NULL'),(1,2,16,'3283','NULL'),(1,2,17,'3997','NULL'),(1,2,18,'4731','NULL'),(1,2,19,'3997','NULL'),(1,5,15,'NULL','NULL'),(1,5,16,'NULL','NULL'),(1,5,17,'NULL','NULL'),(1,5,18,'NULL','NULL'),(1,5,19,'NULL','NULL'),(1,5,20,'NULL','NULL'),(1,5,21,'NULL','NULL'),(1,5,22,'NULL','NULL'),(1,5,23,'NULL','NULL'),(1,5,24,'NULL','NULL'),(1,5,25,'NULL','NULL'),(1,5,26,'NULL','NULL'),(1,6,15,'NULL','NULL'),(1,6,16,'NULL','NULL'),(1,6,17,'NULL','NULL'),(1,6,18,'NULL','NULL'),(1,6,19,'NULL','NULL'),(1,6,20,'NULL','NULL'),(1,6,21,'NULL','NULL'),(1,6,22,'NULL','NULL'),(1,6,23,'NULL','NULL'),(1,6,24,'NULL','NULL'),(1,6,25,'NULL','NULL'),(1,6,26,'NULL','NULL'),(1,9,15,'NULL','80'),(1,9,18,'NULL','52'),(1,9,19,'NULL','80'),(2,1,21,'353','NULL'),(2,1,23,'353','NULL'),(2,1,24,'353','NULL'),(2,1,25,'353','NULL'),(2,1,26,'353','NULL'),(2,2,15,'4568','NULL'),(2,2,16,'4140','NULL'),(2,2,17,'4568','NULL'),(2,2,18,'4357','NULL'),(2,2,19,'4568','NULL'),(2,2,20,'4568','NULL'),(2,2,21,'4568','NULL'),(2,2,22,'4568','NULL'),(2,5,15,'NULL','NULL'),(2,5,16,'NULL','NULL'),(2,5,17,'NULL','NULL'),(2,5,18,'NULL','NULL'),(2,5,19,'NULL','NULL'),(2,5,20,'NULL','NULL'),(2,5,21,'NULL','NULL'),(2,5,22,'NULL','NULL'),(2,5,23,'NULL','NULL'),(2,5,24,'NULL','NULL'),(2,5,25,'NULL','NULL'),(2,5,26,'NULL','NULL'),(2,6,15,'NULL','NULL'),(2,6,16,'NULL','NULL'),(2,6,17,'NULL','NULL'),(2,6,18,'NULL','NULL'),(2,6,19,'NULL','NULL'),(2,6,20,'NULL','NULL'),(2,6,21,'NULL','NULL'),(2,6,22,'NULL','NULL'),(2,6,23,'NULL','NULL'),(2,6,24,'NULL','NULL'),(2,6,25,'NULL','NULL'),(2,6,26,'NULL','NULL'),(2,9,15,'NULL','73'),(2,9,18,'NULL','64'),(2,9,19,'NULL','73'),(3,1,21,'353','NULL'),(3,1,23,'353','NULL'),(3,1,24,'353','NULL'),(3,1,25,'353','NULL'),(3,1,26,'353','NULL'),(3,2,15,'4207','NULL'),(3,2,16,'4282','NULL'),(3,2,17,'4207','NULL'),(3,2,19,'4207','NULL'),(3,2,20,'4207','NULL'),(3,2,21,'4207','NULL'),(3,2,22,'4207','NULL'),(3,5,15,'NULL','NULL'),(3,5,16,'NULL','NULL'),(3,5,17,'NULL','NULL'),(3,5,18,'NULL','NULL'),(3,5,19,'NULL','NULL'),(3,5,20,'NULL','NULL'),(3,5,21,'NULL','NULL'),(3,5,22,'NULL','NULL'),(3,5,23,'NULL','NULL'),(3,5,24,'NULL','NULL'),(3,5,25,'NULL','NULL'),(3,5,26,'NULL','NULL'),(3,6,15,'NULL','NULL'),(3,6,16,'NULL','NULL'),(3,6,17,'NULL','NULL'),(3,6,18,'NULL','NULL'),(3,6,19,'NULL','NULL'),(3,6,20,'NULL','NULL'),(3,6,21,'NULL','NULL'),(3,6,22,'NULL','NULL'),(3,6,23,'NULL','NULL'),(3,6,24,'NULL','NULL'),(3,6,25,'NULL','NULL'),(3,6,26,'NULL','NULL'),(3,9,15,'NULL','59'),(3,9,18,'NULL','73'),(3,9,19,'NULL','59'),(4,1,21,'353','NULL'),(4,1,23,'353','NULL'),(4,1,24,'353','NULL'),(4,1,25,'353','NULL'),(4,1,26,'353','NULL'),(4,2,15,'4894','NULL'),(4,2,16,'3997','NULL'),(4,2,17,'4894','NULL'),(4,2,19,'4894','NULL'),(4,2,20,'4894','NULL'),(4,2,21,'4894','NULL'),(4,2,22,'4894','NULL'),(4,3,15,'NULL','NULL'),(4,3,16,'NULL','NULL'),(4,3,17,'NULL','NULL'),(4,3,18,'NULL','NULL'),(4,3,19,'NULL','NULL'),(4,3,20,'NULL','NULL'),(4,3,21,'NULL','NULL'),(4,3,22,'NULL','NULL'),(4,3,23,'NULL','NULL'),(4,3,24,'NULL','NULL'),(4,3,25,'NULL','NULL'),(4,3,26,'NULL','NULL'),(4,5,15,'NULL','NULL'),(4,5,16,'NULL','NULL'),(4,5,17,'NULL','NULL'),(4,5,18,'NULL','NULL'),(4,5,19,'NULL','NULL'),(4,5,20,'NULL','NULL'),(4,5,21,'NULL','NULL'),(4,5,22,'NULL','NULL'),(4,5,23,'NULL','NULL'),(4,5,24,'NULL','NULL'),(4,5,25,'NULL','NULL'),(4,5,26,'NULL','NULL'),(4,6,15,'NULL','NULL'),(4,6,16,'NULL','NULL'),(4,6,17,'NULL','NULL'),(4,6,18,'NULL','NULL'),(4,6,19,'NULL','NULL'),(4,6,20,'NULL','NULL'),(4,6,21,'NULL','NULL'),(4,6,22,'NULL','NULL'),(4,6,23,'NULL','NULL'),(4,6,24,'NULL','NULL'),(4,6,25,'NULL','NULL'),(4,6,26,'NULL','NULL'),(4,9,15,'NULL','68'),(4,9,18,'NULL','68'),(4,9,19,'NULL','61'),(4,12,22,'NULL','56'),(5,1,21,'353','NULL'),(5,1,23,'353','NULL'),(5,1,24,'353','NULL'),(5,1,25,'353','NULL'),(5,1,26,'353','NULL'),(5,2,15,'3283','NULL'),(5,2,16,'4568','NULL'),(5,2,17,'3283','NULL'),(5,2,19,'3283','NULL'),(5,2,20,'3283','NULL'),(5,2,21,'3283','NULL'),(5,2,22,'3283','NULL'),(5,3,15,'NULL','NULL'),(5,3,16,'NULL','NULL'),(5,3,17,'NULL','NULL'),(5,3,18,'NULL','NULL'),(5,3,19,'NULL','NULL'),(5,3,20,'NULL','NULL'),(5,3,21,'NULL','NULL'),(5,3,22,'NULL','NULL'),(5,3,23,'NULL','NULL'),(5,3,24,'NULL','NULL'),(5,3,25,'NULL','NULL'),(5,3,26,'NULL','NULL'),(5,5,15,'NULL','NULL'),(5,5,16,'NULL','NULL'),(5,5,17,'NULL','NULL'),(5,5,18,'NULL','NULL'),(5,5,19,'NULL','NULL'),(5,5,20,'NULL','NULL'),(5,5,21,'NULL','NULL'),(5,5,22,'NULL','NULL'),(5,5,23,'NULL','NULL'),(5,5,24,'NULL','NULL'),(5,5,25,'NULL','NULL'),(5,5,26,'NULL','NULL'),(5,6,15,'NULL','NULL'),(5,6,16,'NULL','NULL'),(5,6,17,'NULL','NULL'),(5,6,18,'NULL','NULL'),(5,6,19,'NULL','NULL'),(5,6,20,'NULL','NULL'),(5,6,21,'NULL','NULL'),(5,6,22,'NULL','NULL'),(5,6,23,'NULL','NULL'),(5,6,24,'NULL','NULL'),(5,6,25,'NULL','NULL'),(5,6,26,'NULL','NULL'),(5,9,15,'NULL','56'),(5,9,18,'NULL','70'),(5,9,19,'NULL','73'),(5,12,22,'NULL','70'),(6,1,21,'353','NULL'),(6,1,23,'353','NULL'),(6,1,24,'353','NULL'),(6,1,25,'353','NULL'),(6,1,26,'353','NULL'),(6,3,15,'NULL','NULL'),(6,3,16,'NULL','NULL'),(6,3,17,'NULL','NULL'),(6,3,18,'NULL','NULL'),(6,3,19,'NULL','NULL'),(6,3,20,'NULL','NULL'),(6,3,21,'NULL','NULL'),(6,3,22,'NULL','NULL'),(6,3,23,'NULL','NULL'),(6,3,24,'NULL','NULL'),(6,3,25,'NULL','NULL'),(6,3,26,'NULL','NULL'),(6,5,15,'NULL','NULL'),(6,5,16,'NULL','NULL'),(6,5,17,'NULL','NULL'),(6,5,18,'NULL','NULL'),(6,5,19,'NULL','NULL'),(6,5,20,'NULL','NULL'),(6,5,21,'NULL','NULL'),(6,5,22,'NULL','NULL'),(6,5,23,'NULL','NULL'),(6,5,24,'NULL','NULL'),(6,5,25,'NULL','NULL'),(6,5,26,'NULL','NULL'),(6,6,15,'NULL','NULL'),(6,6,16,'NULL','NULL'),(6,6,17,'NULL','NULL'),(6,6,18,'NULL','NULL'),(6,6,19,'NULL','NULL'),(6,6,20,'NULL','NULL'),(6,6,21,'NULL','NULL'),(6,6,22,'NULL','NULL'),(6,6,23,'NULL','NULL'),(6,6,24,'NULL','NULL'),(6,6,25,'NULL','NULL'),(6,6,26,'NULL','NULL'),(6,9,15,'NULL','73'),(6,9,18,'NULL','62'),(6,9,19,'NULL','51'),(8,1,21,'353','NULL'),(8,1,23,'353','NULL'),(8,1,24,'353','NULL'),(8,1,25,'353','NULL'),(8,1,26,'353','NULL'),(8,3,15,'NULL','NULL'),(8,3,16,'NULL','NULL'),(8,3,17,'NULL','NULL'),(8,3,18,'NULL','NULL'),(8,3,19,'NULL','NULL'),(8,3,20,'NULL','NULL'),(8,3,21,'NULL','NULL'),(8,3,22,'NULL','NULL'),(8,3,23,'NULL','NULL'),(8,3,24,'NULL','NULL'),(8,3,25,'NULL','NULL'),(8,3,26,'NULL','NULL'),(8,5,15,'NULL','NULL'),(8,5,16,'NULL','NULL'),(8,5,17,'NULL','NULL'),(8,5,18,'NULL','NULL'),(8,5,19,'NULL','NULL'),(8,5,20,'NULL','NULL'),(8,5,21,'NULL','NULL'),(8,5,22,'NULL','NULL'),(8,5,23,'NULL','NULL'),(8,5,24,'NULL','NULL'),(8,5,25,'NULL','NULL'),(8,5,26,'NULL','NULL'),(8,6,15,'NULL','NULL'),(8,6,16,'NULL','NULL'),(8,6,17,'NULL','NULL'),(8,6,18,'NULL','NULL'),(8,6,19,'NULL','NULL'),(8,6,20,'NULL','NULL'),(8,6,21,'NULL','NULL'),(8,6,22,'NULL','NULL'),(8,6,23,'NULL','NULL'),(8,6,24,'NULL','NULL'),(8,6,25,'NULL','NULL'),(8,6,26,'NULL','NULL'),(8,9,15,'NULL','78'),(8,9,18,'NULL','65'),(8,9,19,'NULL','65'),(9,1,21,'353','NULL'),(9,1,23,'353','NULL'),(9,1,24,'353','NULL'),(9,1,25,'353','NULL'),(9,1,26,'353','NULL'),(9,2,26,'3997','NULL'),(9,3,15,'NULL','NULL'),(9,3,16,'NULL','NULL'),(9,3,17,'NULL','NULL'),(9,3,18,'NULL','NULL'),(9,3,19,'NULL','NULL'),(9,3,20,'NULL','NULL'),(9,3,21,'NULL','NULL'),(9,3,22,'NULL','NULL'),(9,3,23,'NULL','NULL'),(9,3,24,'NULL','NULL'),(9,3,25,'NULL','NULL'),(9,3,26,'NULL','NULL'),(9,5,15,'NULL','NULL'),(9,5,16,'NULL','NULL'),(9,5,17,'NULL','NULL'),(9,5,18,'NULL','NULL'),(9,5,19,'NULL','NULL'),(9,5,20,'NULL','NULL'),(9,5,21,'NULL','NULL'),(9,5,22,'NULL','NULL'),(9,5,23,'NULL','NULL'),(9,5,24,'NULL','NULL'),(9,5,25,'NULL','NULL'),(9,5,26,'NULL','NULL'),(9,6,15,'NULL','NULL'),(9,6,16,'NULL','NULL'),(9,6,17,'NULL','NULL'),(9,6,18,'NULL','NULL'),(9,6,19,'NULL','NULL'),(9,6,20,'NULL','NULL'),(9,6,21,'NULL','NULL'),(9,6,22,'NULL','NULL'),(9,6,23,'NULL','NULL'),(9,6,24,'NULL','NULL'),(9,6,25,'NULL','NULL'),(9,6,26,'NULL','NULL'),(9,9,15,'NULL','64'),(9,9,16,'NULL','65'),(9,9,18,'NULL','50'),(9,9,19,'NULL','75'),(11,1,21,'353','NULL'),(11,1,23,'353','NULL'),(11,1,24,'353','NULL'),(11,1,25,'353','NULL'),(11,1,26,'353','NULL'),(11,2,26,'4568','NULL'),(11,3,15,'NULL','NULL'),(11,3,16,'NULL','NULL'),(11,3,17,'NULL','NULL'),(11,3,18,'NULL','NULL'),(11,3,19,'NULL','NULL'),(11,3,20,'NULL','NULL'),(11,3,21,'NULL','NULL'),(11,3,22,'NULL','NULL'),(11,3,23,'NULL','NULL'),(11,3,24,'NULL','NULL'),(11,3,25,'NULL','NULL'),(11,3,26,'NULL','NULL'),(11,5,15,'NULL','NULL'),(11,5,16,'NULL','NULL'),(11,5,17,'NULL','NULL'),(11,5,18,'NULL','NULL'),(11,5,19,'NULL','NULL'),(11,5,20,'NULL','NULL'),(11,5,21,'NULL','NULL'),(11,5,22,'NULL','NULL'),(11,5,23,'NULL','NULL'),(11,5,24,'NULL','NULL'),(11,5,25,'NULL','NULL'),(11,5,26,'NULL','NULL'),(11,6,15,'NULL','NULL'),(11,6,16,'NULL','NULL'),(11,6,17,'NULL','NULL'),(11,6,18,'NULL','NULL'),(11,6,19,'NULL','NULL'),(11,6,20,'NULL','NULL'),(11,6,21,'NULL','NULL'),(11,6,22,'NULL','NULL'),(11,6,23,'NULL','NULL'),(11,6,24,'NULL','NULL'),(11,6,25,'NULL','NULL'),(11,6,26,'NULL','NULL'),(11,9,15,'NULL','79'),(11,9,16,'NULL','61'),(11,9,18,'NULL','50'),(11,9,19,'NULL','64'),(12,1,21,'353','NULL'),(12,1,23,'353','NULL'),(12,1,24,'353','NULL'),(12,1,25,'353','NULL'),(12,1,26,'353','NULL'),(12,2,26,'4207','NULL'),(12,3,15,'NULL','NULL'),(12,3,16,'NULL','NULL'),(12,3,17,'NULL','NULL'),(12,3,18,'NULL','NULL'),(12,3,19,'NULL','NULL'),(12,3,20,'NULL','NULL'),(12,3,21,'NULL','NULL'),(12,3,22,'NULL','NULL'),(12,3,23,'NULL','NULL'),(12,3,24,'NULL','NULL'),(12,3,25,'NULL','NULL'),(12,3,26,'NULL','NULL'),(12,5,15,'NULL','NULL'),(12,5,16,'NULL','NULL'),(12,5,17,'NULL','NULL'),(12,5,18,'NULL','NULL'),(12,5,19,'NULL','NULL'),(12,5,20,'NULL','NULL'),(12,5,21,'NULL','NULL'),(12,5,22,'NULL','NULL'),(12,5,23,'NULL','NULL'),(12,5,24,'NULL','NULL'),(12,5,25,'NULL','NULL'),(12,5,26,'NULL','NULL'),(12,6,15,'NULL','NULL'),(12,6,16,'NULL','NULL'),(12,6,17,'NULL','NULL'),(12,6,18,'NULL','NULL'),(12,6,19,'NULL','NULL'),(12,6,20,'NULL','NULL'),(12,6,21,'NULL','NULL'),(12,6,22,'NULL','NULL'),(12,6,23,'NULL','NULL'),(12,6,24,'NULL','NULL'),(12,6,25,'NULL','NULL'),(12,6,26,'NULL','NULL'),(12,9,15,'NULL','51'),(12,9,18,'NULL','51'),(12,9,19,'NULL','52'),(15,1,19,'42','NULL'),(15,1,21,'353','NULL'),(15,1,23,'353','NULL'),(15,1,24,'353','NULL'),(15,1,25,'353','NULL'),(15,1,26,'353','NULL'),(15,2,19,'180','NULL'),(15,2,26,'4894','NULL'),(15,3,15,'NULL','NULL'),(15,3,16,'NULL','NULL'),(15,3,17,'NULL','NULL'),(15,3,18,'NULL','NULL'),(15,3,19,'NULL','NULL'),(15,3,20,'NULL','NULL'),(15,3,21,'NULL','NULL'),(15,3,22,'NULL','NULL'),(15,3,23,'NULL','NULL'),(15,3,24,'NULL','NULL'),(15,3,25,'NULL','NULL'),(15,3,26,'NULL','NULL'),(15,4,15,'NULL','NULL'),(15,4,16,'NULL','NULL'),(15,4,17,'NULL','NULL'),(15,4,18,'NULL','NULL'),(15,4,19,'NULL','NULL'),(15,4,20,'NULL','NULL'),(15,4,21,'NULL','NULL'),(15,4,22,'NULL','NULL'),(15,4,23,'NULL','NULL'),(15,4,24,'NULL','NULL'),(15,4,25,'NULL','NULL'),(15,4,26,'NULL','NULL'),(15,5,15,'NULL','NULL'),(15,5,16,'NULL','NULL'),(15,5,17,'NULL','NULL'),(15,5,18,'NULL','NULL'),(15,5,19,'NULL','NULL'),(15,5,20,'NULL','NULL'),(15,5,21,'NULL','NULL'),(15,5,22,'NULL','NULL'),(15,5,23,'NULL','NULL'),(15,5,24,'NULL','NULL'),(15,5,25,'NULL','NULL'),(15,5,26,'NULL','NULL'),(15,6,15,'NULL','NULL'),(15,6,16,'NULL','NULL'),(15,6,17,'NULL','NULL'),(15,6,18,'NULL','NULL'),(15,6,19,'NULL','NULL'),(15,6,20,'NULL','NULL'),(15,6,21,'NULL','NULL'),(15,6,22,'NULL','NULL'),(15,6,23,'NULL','NULL'),(15,6,24,'NULL','NULL'),(15,6,25,'NULL','NULL'),(15,6,26,'NULL','NULL'),(15,9,15,'NULL','52'),(15,9,18,'NULL','75'),(15,9,19,'NULL','55'),(15,12,19,'NULL','23'),(15,14,19,'NULL','50'),(15,14,22,'NULL','53'),(18,1,21,'353','NULL'),(18,1,23,'353','NULL'),(18,1,24,'353','NULL'),(18,1,25,'353','NULL'),(18,1,26,'353','NULL'),(18,2,18,'5383','NULL'),(18,2,26,'3283','NULL'),(18,3,15,'NULL','NULL'),(18,3,16,'NULL','NULL'),(18,3,17,'NULL','NULL'),(18,3,18,'NULL','NULL'),(18,3,19,'NULL','NULL'),(18,3,20,'NULL','NULL'),(18,3,21,'NULL','NULL'),(18,3,22,'NULL','NULL'),(18,3,23,'NULL','NULL'),(18,3,24,'NULL','NULL'),(18,3,25,'NULL','NULL'),(18,3,26,'NULL','NULL'),(18,5,15,'NULL','NULL'),(18,5,16,'NULL','NULL'),(18,5,17,'NULL','NULL'),(18,5,18,'NULL','NULL'),(18,5,19,'NULL','NULL'),(18,5,20,'NULL','NULL'),(18,5,21,'NULL','NULL'),(18,5,22,'NULL','NULL'),(18,5,23,'NULL','NULL'),(18,5,24,'NULL','NULL'),(18,5,25,'NULL','NULL'),(18,5,26,'NULL','NULL'),(18,6,15,'NULL','NULL'),(18,6,16,'NULL','NULL'),(18,6,17,'NULL','NULL'),(18,6,18,'NULL','NULL'),(18,6,19,'NULL','NULL'),(18,6,20,'NULL','NULL'),(18,6,21,'NULL','NULL'),(18,6,22,'NULL','NULL'),(18,6,23,'NULL','NULL'),(18,6,24,'NULL','NULL'),(18,6,25,'NULL','NULL'),(18,6,26,'NULL','NULL'),(18,9,15,'NULL','55'),(18,9,18,'NULL','80'),(18,9,19,'NULL','63'),(18,14,22,'NULL','72'),(19,1,21,'353','NULL'),(19,1,23,'353','NULL'),(19,1,24,'353','NULL'),(19,1,25,'353','NULL'),(19,1,26,'353','NULL'),(19,2,18,'7178','NULL'),(19,2,23,'3997','NULL'),(19,2,26,'4140','NULL'),(19,3,15,'NULL','NULL'),(19,3,16,'NULL','NULL'),(19,3,17,'NULL','NULL'),(19,3,18,'NULL','NULL'),(19,3,19,'NULL','NULL'),(19,3,20,'NULL','NULL'),(19,3,21,'NULL','NULL'),(19,3,22,'NULL','NULL'),(19,3,23,'NULL','NULL'),(19,3,24,'NULL','NULL'),(19,3,25,'NULL','NULL'),(19,3,26,'NULL','NULL'),(19,4,15,'NULL','NULL'),(19,4,16,'NULL','NULL'),(19,4,17,'NULL','NULL'),(19,4,18,'NULL','NULL'),(19,4,19,'NULL','NULL'),(19,4,20,'NULL','NULL'),(19,4,21,'NULL','NULL'),(19,4,22,'NULL','NULL'),(19,4,23,'NULL','NULL'),(19,4,24,'NULL','NULL'),(19,4,25,'NULL','NULL'),(19,4,26,'NULL','NULL'),(19,5,15,'NULL','NULL'),(19,5,16,'NULL','NULL'),(19,5,17,'NULL','NULL'),(19,5,18,'NULL','NULL'),(19,5,19,'NULL','NULL'),(19,5,20,'NULL','NULL'),(19,5,21,'NULL','NULL'),(19,5,22,'NULL','NULL'),(19,5,23,'NULL','NULL'),(19,5,24,'NULL','NULL'),(19,5,25,'NULL','NULL'),(19,5,26,'NULL','NULL'),(19,6,15,'NULL','NULL'),(19,6,16,'NULL','NULL'),(19,6,17,'NULL','NULL'),(19,6,18,'NULL','NULL'),(19,6,19,'NULL','NULL'),(19,6,20,'NULL','NULL'),(19,6,21,'NULL','NULL'),(19,6,22,'NULL','NULL'),(19,6,23,'NULL','NULL'),(19,6,24,'NULL','NULL'),(19,6,25,'NULL','NULL'),(19,6,26,'NULL','NULL'),(19,9,15,'NULL','66'),(19,9,18,'NULL','64'),(19,9,19,'NULL','75'),(19,14,22,'NULL','54'),(21,1,21,'353','NULL'),(21,1,23,'353','NULL'),(21,1,24,'353','NULL'),(21,1,25,'353','NULL'),(21,1,26,'353','NULL'),(21,2,18,'4140','NULL'),(21,2,23,'4568','NULL'),(21,2,26,'4282','NULL'),(21,3,15,'NULL','NULL'),(21,3,16,'NULL','NULL'),(21,3,17,'NULL','NULL'),(21,3,18,'NULL','NULL'),(21,3,19,'NULL','NULL'),(21,3,20,'NULL','NULL'),(21,3,21,'NULL','NULL'),(21,3,22,'NULL','NULL'),(21,3,23,'NULL','NULL'),(21,3,24,'NULL','NULL'),(21,3,25,'NULL','NULL'),(21,3,26,'NULL','NULL'),(21,5,15,'NULL','NULL'),(21,5,16,'NULL','NULL'),(21,5,17,'NULL','NULL'),(21,5,18,'NULL','NULL'),(21,5,19,'NULL','NULL'),(21,5,20,'NULL','NULL'),(21,5,21,'NULL','NULL'),(21,5,22,'NULL','NULL'),(21,5,23,'NULL','NULL'),(21,5,24,'NULL','NULL'),(21,5,25,'NULL','NULL'),(21,5,26,'NULL','NULL'),(21,6,15,'NULL','NULL'),(21,6,16,'NULL','NULL'),(21,6,17,'NULL','NULL'),(21,6,18,'NULL','NULL'),(21,6,19,'NULL','NULL'),(21,6,20,'NULL','NULL'),(21,6,21,'NULL','NULL'),(21,6,22,'NULL','NULL'),(21,6,23,'NULL','NULL'),(21,6,24,'NULL','NULL'),(21,6,25,'NULL','NULL'),(21,6,26,'NULL','NULL'),(21,9,15,'NULL','79'),(21,9,18,'NULL','78'),(21,9,19,'NULL','70'),(21,14,22,'NULL','55'),(22,1,21,'353','NULL'),(22,1,23,'353','NULL'),(22,1,24,'353','NULL'),(22,1,25,'353','NULL'),(22,1,26,'353','NULL'),(22,2,23,'4207','NULL'),(22,2,26,'4207','NULL'),(22,3,15,'NULL','NULL'),(22,3,16,'NULL','NULL'),(22,3,17,'NULL','NULL'),(22,3,18,'NULL','NULL'),(22,3,19,'NULL','NULL'),(22,3,20,'NULL','NULL'),(22,3,21,'NULL','NULL'),(22,3,22,'NULL','NULL'),(22,3,23,'NULL','NULL'),(22,3,24,'NULL','NULL'),(22,3,25,'NULL','NULL'),(22,3,26,'NULL','NULL'),(22,5,15,'NULL','NULL'),(22,5,16,'NULL','NULL'),(22,5,17,'NULL','NULL'),(22,5,18,'NULL','NULL'),(22,5,19,'NULL','NULL'),(22,5,20,'NULL','NULL'),(22,5,21,'NULL','NULL'),(22,5,22,'NULL','NULL'),(22,5,23,'NULL','NULL'),(22,5,24,'NULL','NULL'),(22,5,25,'NULL','NULL'),(22,5,26,'NULL','NULL'),(22,6,15,'NULL','NULL'),(22,6,16,'NULL','NULL'),(22,6,17,'NULL','NULL'),(22,6,18,'NULL','NULL'),(22,6,19,'NULL','NULL'),(22,6,20,'NULL','NULL'),(22,6,21,'NULL','NULL'),(22,6,22,'NULL','NULL'),(22,6,23,'NULL','NULL'),(22,6,24,'NULL','NULL'),(22,6,25,'NULL','NULL'),(22,6,26,'NULL','NULL'),(22,9,18,'NULL','53'),(22,9,19,'NULL','61'),(22,14,22,'NULL','52'),(23,1,21,'353','NULL'),(23,1,23,'353','NULL'),(23,1,24,'353','NULL'),(23,1,25,'353','NULL'),(23,1,26,'353','NULL'),(23,2,23,'4894','NULL'),(23,2,26,'3915','NULL'),(23,3,15,'NULL','NULL'),(23,3,16,'NULL','NULL'),(23,3,17,'NULL','NULL'),(23,3,18,'NULL','NULL'),(23,3,19,'NULL','NULL'),(23,3,20,'NULL','NULL'),(23,3,21,'NULL','NULL'),(23,3,22,'NULL','NULL'),(23,3,23,'NULL','NULL'),(23,3,24,'NULL','NULL'),(23,3,25,'NULL','NULL'),(23,3,26,'NULL','NULL'),(23,5,15,'NULL','NULL'),(23,5,16,'NULL','NULL'),(23,5,17,'NULL','NULL'),(23,5,18,'NULL','NULL'),(23,5,19,'NULL','NULL'),(23,5,20,'NULL','NULL'),(23,5,21,'NULL','NULL'),(23,5,22,'NULL','NULL'),(23,5,23,'NULL','NULL'),(23,5,24,'NULL','NULL'),(23,5,25,'NULL','NULL'),(23,5,26,'NULL','NULL'),(23,6,15,'NULL','NULL'),(23,6,16,'NULL','NULL'),(23,6,17,'NULL','NULL'),(23,6,18,'NULL','NULL'),(23,6,19,'NULL','NULL'),(23,6,20,'NULL','NULL'),(23,6,21,'NULL','NULL'),(23,6,22,'NULL','NULL'),(23,6,23,'NULL','NULL'),(23,6,24,'NULL','NULL'),(23,6,25,'NULL','NULL'),(23,6,26,'NULL','NULL'),(23,9,18,'NULL','78'),(23,9,19,'NULL','53'),(23,14,22,'NULL','54'),(24,1,21,'353','NULL'),(24,1,23,'353','NULL'),(24,1,24,'353','NULL'),(24,1,25,'353','NULL'),(24,1,26,'353','NULL'),(24,2,23,'3283','NULL'),(24,2,26,'5383','NULL'),(24,3,15,'NULL','NULL'),(24,3,16,'NULL','NULL'),(24,3,17,'NULL','NULL'),(24,3,18,'NULL','NULL'),(24,3,19,'NULL','NULL'),(24,3,20,'NULL','NULL'),(24,3,21,'NULL','NULL'),(24,3,22,'NULL','NULL'),(24,3,23,'NULL','NULL'),(24,3,24,'NULL','NULL'),(24,3,25,'NULL','NULL'),(24,3,26,'NULL','NULL'),(24,5,15,'NULL','NULL'),(24,5,16,'NULL','NULL'),(24,5,17,'NULL','NULL'),(24,5,18,'NULL','NULL'),(24,5,19,'NULL','NULL'),(24,5,20,'NULL','NULL'),(24,5,21,'NULL','NULL'),(24,5,22,'NULL','NULL'),(24,5,23,'NULL','NULL'),(24,5,24,'NULL','NULL'),(24,5,25,'NULL','NULL'),(24,5,26,'NULL','NULL'),(24,6,15,'NULL','NULL'),(24,6,16,'NULL','NULL'),(24,6,17,'NULL','NULL'),(24,6,18,'NULL','NULL'),(24,6,19,'NULL','NULL'),(24,6,20,'NULL','NULL'),(24,6,21,'NULL','NULL'),(24,6,22,'NULL','NULL'),(24,6,23,'NULL','NULL'),(24,6,24,'NULL','NULL'),(24,6,25,'NULL','NULL'),(24,6,26,'NULL','NULL'),(24,9,16,'NULL','67'),(24,9,17,'NULL','61'),(24,9,18,'NULL','67'),(24,9,19,'NULL','66'),(24,14,22,'NULL','74'),(25,1,21,'353','NULL'),(25,1,23,'353','NULL'),(25,1,24,'353','NULL'),(25,1,25,'353','NULL'),(25,1,26,'353','NULL'),(25,2,23,'4140','NULL'),(25,2,26,'7178','NULL'),(25,3,15,'NULL','NULL'),(25,3,16,'NULL','NULL'),(25,3,17,'NULL','NULL'),(25,3,18,'NULL','NULL'),(25,3,19,'NULL','NULL'),(25,3,20,'NULL','NULL'),(25,3,21,'NULL','NULL'),(25,3,22,'NULL','NULL'),(25,3,23,'NULL','NULL'),(25,3,24,'NULL','NULL'),(25,3,25,'NULL','NULL'),(25,3,26,'NULL','NULL'),(25,5,15,'NULL','NULL'),(25,5,16,'NULL','NULL'),(25,5,17,'NULL','NULL'),(25,5,18,'NULL','NULL'),(25,5,19,'NULL','NULL'),(25,5,20,'NULL','NULL'),(25,5,21,'NULL','NULL'),(25,5,22,'NULL','NULL'),(25,5,23,'NULL','NULL'),(25,5,24,'NULL','NULL'),(25,5,25,'NULL','NULL'),(25,5,26,'NULL','NULL'),(25,6,15,'NULL','NULL'),(25,6,16,'NULL','NULL'),(25,6,17,'NULL','NULL'),(25,6,18,'NULL','NULL'),(25,6,19,'NULL','NULL'),(25,6,20,'NULL','NULL'),(25,6,21,'NULL','NULL'),(25,6,22,'NULL','NULL'),(25,6,23,'NULL','NULL'),(25,6,24,'NULL','NULL'),(25,6,25,'NULL','NULL'),(25,6,26,'NULL','NULL'),(25,9,16,'NULL','78'),(25,9,17,'NULL','76'),(25,9,18,'NULL','55'),(25,9,19,'NULL','72'),(25,14,22,'NULL','69'),(27,1,21,'353','NULL'),(27,1,23,'353','NULL'),(27,1,24,'353','NULL'),(27,1,25,'353','NULL'),(27,1,26,'353','NULL'),(27,2,23,'4282','NULL'),(27,2,26,'4140','NULL'),(27,3,15,'NULL','NULL'),(27,3,16,'NULL','NULL'),(27,3,17,'NULL','NULL'),(27,3,18,'NULL','NULL'),(27,3,19,'NULL','NULL'),(27,3,20,'NULL','NULL'),(27,3,21,'NULL','NULL'),(27,3,22,'NULL','NULL'),(27,3,23,'NULL','NULL'),(27,3,24,'NULL','NULL'),(27,3,25,'NULL','NULL'),(27,3,26,'NULL','NULL'),(27,5,15,'NULL','NULL'),(27,5,16,'NULL','NULL'),(27,5,17,'NULL','NULL'),(27,5,18,'NULL','NULL'),(27,5,19,'NULL','NULL'),(27,5,20,'NULL','NULL'),(27,5,21,'NULL','NULL'),(27,5,22,'NULL','NULL'),(27,5,23,'NULL','NULL'),(27,5,24,'NULL','NULL'),(27,5,25,'NULL','NULL'),(27,5,26,'NULL','NULL'),(27,6,15,'NULL','NULL'),(27,6,16,'NULL','NULL'),(27,6,17,'NULL','NULL'),(27,6,18,'NULL','NULL'),(27,6,19,'NULL','NULL'),(27,6,20,'NULL','NULL'),(27,6,21,'NULL','NULL'),(27,6,22,'NULL','NULL'),(27,6,23,'NULL','NULL'),(27,6,24,'NULL','NULL'),(27,6,25,'NULL','NULL'),(27,6,26,'NULL','NULL'),(27,9,16,'NULL','67'),(27,9,17,'NULL','57'),(27,9,18,'NULL','51'),(27,9,19,'NULL','66'),(27,14,22,'NULL','70'),(29,1,21,'353','NULL'),(29,1,23,'353','NULL'),(29,1,24,'353','NULL'),(29,1,25,'353','NULL'),(29,1,26,'353','NULL'),(29,2,23,'4207','NULL'),(29,2,26,'4731','NULL'),(29,3,15,'NULL','NULL'),(29,3,16,'NULL','NULL'),(29,3,17,'NULL','NULL'),(29,3,18,'NULL','NULL'),(29,3,19,'NULL','NULL'),(29,3,20,'NULL','NULL'),(29,3,21,'NULL','NULL'),(29,3,22,'NULL','NULL'),(29,3,23,'NULL','NULL'),(29,3,24,'NULL','NULL'),(29,3,25,'NULL','NULL'),(29,3,26,'NULL','NULL'),(29,4,15,'NULL','NULL'),(29,4,16,'NULL','NULL'),(29,4,17,'NULL','NULL'),(29,4,18,'NULL','NULL'),(29,4,19,'NULL','NULL'),(29,4,20,'NULL','NULL'),(29,4,21,'NULL','NULL'),(29,4,22,'NULL','NULL'),(29,4,23,'NULL','NULL'),(29,4,24,'NULL','NULL'),(29,4,25,'NULL','NULL'),(29,4,26,'NULL','NULL'),(29,5,15,'NULL','NULL'),(29,5,16,'NULL','NULL'),(29,5,17,'NULL','NULL'),(29,5,18,'NULL','NULL'),(29,5,19,'NULL','NULL'),(29,5,20,'NULL','NULL'),(29,5,21,'NULL','NULL'),(29,5,22,'NULL','NULL'),(29,5,23,'NULL','NULL'),(29,5,24,'NULL','NULL'),(29,5,25,'NULL','NULL'),(29,5,26,'NULL','NULL'),(29,6,15,'NULL','NULL'),(29,6,16,'NULL','NULL'),(29,6,17,'NULL','NULL'),(29,6,18,'NULL','NULL'),(29,6,19,'NULL','NULL'),(29,6,20,'NULL','NULL'),(29,6,21,'NULL','NULL'),(29,6,22,'NULL','NULL'),(29,6,23,'NULL','NULL'),(29,6,24,'NULL','NULL'),(29,6,25,'NULL','NULL'),(29,6,26,'NULL','NULL'),(29,9,16,'NULL','68'),(29,9,17,'NULL','54'),(29,14,22,'NULL','65'),(30,1,21,'353','NULL'),(30,1,23,'353','NULL'),(30,1,24,'353','NULL'),(30,1,25,'353','NULL'),(30,1,26,'353','NULL'),(30,2,23,'3915','NULL'),(30,2,26,'4357','NULL'),(30,3,15,'NULL','NULL'),(30,3,16,'NULL','NULL'),(30,3,17,'NULL','NULL'),(30,3,18,'NULL','NULL'),(30,3,19,'NULL','NULL'),(30,3,20,'NULL','NULL'),(30,3,21,'NULL','NULL'),(30,3,22,'NULL','NULL'),(30,3,23,'NULL','NULL'),(30,3,24,'NULL','NULL'),(30,3,25,'NULL','NULL'),(30,3,26,'NULL','NULL'),(30,5,15,'NULL','NULL'),(30,5,16,'NULL','NULL'),(30,5,17,'NULL','NULL'),(30,5,18,'NULL','NULL'),(30,5,19,'NULL','NULL'),(30,5,20,'NULL','NULL'),(30,5,21,'NULL','NULL'),(30,5,22,'NULL','NULL'),(30,5,23,'NULL','NULL'),(30,5,24,'NULL','NULL'),(30,5,25,'NULL','NULL'),(30,5,26,'NULL','NULL'),(30,6,15,'NULL','NULL'),(30,6,16,'NULL','NULL'),(30,6,17,'NULL','NULL'),(30,6,18,'NULL','NULL'),(30,6,19,'NULL','NULL'),(30,6,20,'NULL','NULL'),(30,6,21,'NULL','NULL'),(30,6,22,'NULL','NULL'),(30,6,23,'NULL','NULL'),(30,6,24,'NULL','NULL'),(30,6,25,'NULL','NULL'),(30,6,26,'NULL','NULL'),(30,9,16,'NULL','74'),(30,9,17,'NULL','59'),(30,14,22,'NULL','80'),(33,1,21,'353','NULL'),(33,1,23,'353','NULL'),(33,1,24,'353','NULL'),(33,1,25,'353','NULL'),(33,1,26,'353','NULL'),(33,2,23,'5383','NULL'),(33,3,15,'NULL','NULL'),(33,3,16,'NULL','NULL'),(33,3,17,'NULL','NULL'),(33,3,18,'NULL','NULL'),(33,3,19,'NULL','NULL'),(33,3,20,'NULL','NULL'),(33,3,21,'NULL','NULL'),(33,3,22,'NULL','NULL'),(33,3,23,'NULL','NULL'),(33,3,24,'NULL','NULL'),(33,3,25,'NULL','NULL'),(33,3,26,'NULL','NULL'),(33,4,15,'NULL','NULL'),(33,4,16,'NULL','NULL'),(33,4,17,'NULL','NULL'),(33,4,18,'NULL','NULL'),(33,4,19,'NULL','NULL'),(33,4,20,'NULL','NULL'),(33,4,21,'NULL','NULL'),(33,4,22,'NULL','NULL'),(33,4,23,'NULL','NULL'),(33,4,24,'NULL','NULL'),(33,4,25,'NULL','NULL'),(33,4,26,'NULL','NULL'),(33,5,15,'NULL','NULL'),(33,5,16,'NULL','NULL'),(33,5,17,'NULL','NULL'),(33,5,18,'NULL','NULL'),(33,5,19,'NULL','NULL'),(33,5,20,'NULL','NULL'),(33,5,21,'NULL','NULL'),(33,5,22,'NULL','NULL'),(33,5,23,'NULL','NULL'),(33,5,24,'NULL','NULL'),(33,5,25,'NULL','NULL'),(33,5,26,'NULL','NULL'),(33,6,15,'NULL','NULL'),(33,6,16,'NULL','NULL'),(33,6,17,'NULL','NULL'),(33,6,18,'NULL','NULL'),(33,6,19,'NULL','NULL'),(33,6,20,'NULL','NULL'),(33,6,21,'NULL','NULL'),(33,6,22,'NULL','NULL'),(33,6,23,'NULL','NULL'),(33,6,24,'NULL','NULL'),(33,6,25,'NULL','NULL'),(33,6,26,'NULL','NULL'),(33,9,16,'NULL','68'),(33,9,17,'NULL','53'),(33,14,22,'NULL','61'),(34,1,21,'353','NULL'),(34,1,23,'353','NULL'),(34,1,24,'353','NULL'),(34,1,25,'353','NULL'),(34,1,26,'353','NULL'),(34,2,23,'7178','NULL'),(34,3,15,'NULL','NULL'),(34,3,16,'NULL','NULL'),(34,3,17,'NULL','NULL'),(34,3,18,'NULL','NULL'),(34,3,19,'NULL','NULL'),(34,3,20,'NULL','NULL'),(34,3,21,'NULL','NULL'),(34,3,22,'NULL','NULL'),(34,3,23,'NULL','NULL'),(34,3,24,'NULL','NULL'),(34,3,25,'NULL','NULL'),(34,3,26,'NULL','NULL'),(34,5,15,'NULL','NULL'),(34,5,16,'NULL','NULL'),(34,5,17,'NULL','NULL'),(34,5,18,'NULL','NULL'),(34,5,19,'NULL','NULL'),(34,5,20,'NULL','NULL'),(34,5,21,'NULL','NULL'),(34,5,22,'NULL','NULL'),(34,5,23,'NULL','NULL'),(34,5,24,'NULL','NULL'),(34,5,25,'NULL','NULL'),(34,5,26,'NULL','NULL'),(34,6,15,'NULL','NULL'),(34,6,16,'NULL','NULL'),(34,6,17,'NULL','NULL'),(34,6,18,'NULL','NULL'),(34,6,19,'NULL','NULL'),(34,6,20,'NULL','NULL'),(34,6,21,'NULL','NULL'),(34,6,22,'NULL','NULL'),(34,6,23,'NULL','NULL'),(34,6,24,'NULL','NULL'),(34,6,25,'NULL','NULL'),(34,6,26,'NULL','NULL'),(34,9,16,'NULL','80'),(34,9,17,'NULL','79'),(35,1,21,'353','NULL'),(35,1,23,'353','NULL'),(35,1,24,'353','NULL'),(35,1,25,'353','NULL'),(35,1,26,'353','NULL'),(35,2,23,'4140','NULL'),(35,3,15,'NULL','NULL'),(35,3,16,'NULL','NULL'),(35,3,17,'NULL','NULL'),(35,3,18,'NULL','NULL'),(35,3,19,'NULL','NULL'),(35,3,20,'NULL','NULL'),(35,3,21,'NULL','NULL'),(35,3,22,'NULL','NULL'),(35,3,23,'NULL','NULL'),(35,3,24,'NULL','NULL'),(35,3,25,'NULL','NULL'),(35,3,26,'NULL','NULL'),(35,4,15,'NULL','NULL'),(35,4,16,'NULL','NULL'),(35,4,17,'NULL','NULL'),(35,4,18,'NULL','NULL'),(35,4,19,'NULL','NULL'),(35,4,20,'NULL','NULL'),(35,4,21,'NULL','NULL'),(35,4,22,'NULL','NULL'),(35,4,23,'NULL','NULL'),(35,4,24,'NULL','NULL'),(35,4,25,'NULL','NULL'),(35,4,26,'NULL','NULL'),(35,5,15,'NULL','NULL'),(35,5,16,'NULL','NULL'),(35,5,17,'NULL','NULL'),(35,5,18,'NULL','NULL'),(35,5,19,'NULL','NULL'),(35,5,20,'NULL','NULL'),(35,5,21,'NULL','NULL'),(35,5,22,'NULL','NULL'),(35,5,23,'NULL','NULL'),(35,5,24,'NULL','NULL'),(35,5,25,'NULL','NULL'),(35,5,26,'NULL','NULL'),(35,6,15,'NULL','NULL'),(35,6,16,'NULL','NULL'),(35,6,17,'NULL','NULL'),(35,6,18,'NULL','NULL'),(35,6,19,'NULL','NULL'),(35,6,20,'NULL','NULL'),(35,6,21,'NULL','NULL'),(35,6,22,'NULL','NULL'),(35,6,23,'NULL','NULL'),(35,6,24,'NULL','NULL'),(35,6,25,'NULL','NULL'),(35,6,26,'NULL','NULL'),(35,9,16,'NULL','52'),(35,9,17,'NULL','77'),(36,1,21,'353','NULL'),(36,1,23,'353','NULL'),(36,1,24,'353','NULL'),(36,1,25,'353','NULL'),(36,1,26,'353','NULL'),(36,2,15,'7178','NULL'),(36,2,16,'4207','NULL'),(36,2,23,'4731','NULL'),(36,3,15,'NULL','NULL'),(36,3,16,'NULL','NULL'),(36,3,17,'NULL','NULL'),(36,3,18,'NULL','NULL'),(36,3,19,'NULL','NULL'),(36,3,20,'NULL','NULL'),(36,3,21,'NULL','NULL'),(36,3,22,'NULL','NULL'),(36,3,23,'NULL','NULL'),(36,3,24,'NULL','NULL'),(36,3,25,'NULL','NULL'),(36,3,26,'NULL','NULL'),(36,5,15,'NULL','NULL'),(36,5,16,'NULL','NULL'),(36,5,17,'NULL','NULL'),(36,5,18,'NULL','NULL'),(36,5,19,'NULL','NULL'),(36,5,20,'NULL','NULL'),(36,5,21,'NULL','NULL'),(36,5,22,'NULL','NULL'),(36,5,23,'NULL','NULL'),(36,5,24,'NULL','NULL'),(36,5,25,'NULL','NULL'),(36,5,26,'NULL','NULL'),(36,6,15,'NULL','NULL'),(36,6,16,'NULL','NULL'),(36,6,17,'NULL','NULL'),(36,6,18,'NULL','NULL'),(36,6,19,'NULL','NULL'),(36,6,20,'NULL','NULL'),(36,6,21,'NULL','NULL'),(36,6,22,'NULL','NULL'),(36,6,23,'NULL','NULL'),(36,6,24,'NULL','NULL'),(36,6,25,'NULL','NULL'),(36,6,26,'NULL','NULL'),(36,9,16,'NULL','61'),(36,9,17,'NULL','65'),(38,1,21,'353','NULL'),(38,1,23,'353','NULL'),(38,1,24,'353','NULL'),(38,1,25,'353','NULL'),(38,1,26,'353','NULL'),(38,2,15,'4140','NULL'),(38,2,16,'3915','NULL'),(38,2,17,'4140','NULL'),(38,2,18,'4282','NULL'),(38,2,19,'4140','NULL'),(38,2,20,'4140','NULL'),(38,2,23,'4357','NULL'),(38,3,15,'NULL','NULL'),(38,3,16,'NULL','NULL'),(38,3,17,'NULL','NULL'),(38,3,18,'NULL','NULL'),(38,3,19,'NULL','NULL'),(38,3,20,'NULL','NULL'),(38,3,21,'NULL','NULL'),(38,3,22,'NULL','NULL'),(38,3,23,'NULL','NULL'),(38,3,24,'NULL','NULL'),(38,3,25,'NULL','NULL'),(38,3,26,'NULL','NULL'),(38,4,15,'NULL','NULL'),(38,4,16,'NULL','NULL'),(38,4,17,'NULL','NULL'),(38,4,18,'NULL','NULL'),(38,4,19,'NULL','NULL'),(38,4,20,'NULL','NULL'),(38,4,21,'NULL','NULL'),(38,4,22,'NULL','NULL'),(38,4,23,'NULL','NULL'),(38,4,24,'NULL','NULL'),(38,4,25,'NULL','NULL'),(38,4,26,'NULL','NULL'),(38,5,15,'NULL','NULL'),(38,5,16,'NULL','NULL'),(38,5,17,'NULL','NULL'),(38,5,18,'NULL','NULL'),(38,5,19,'NULL','NULL'),(38,5,20,'NULL','NULL'),(38,5,21,'NULL','NULL'),(38,5,22,'NULL','NULL'),(38,5,23,'NULL','NULL'),(38,5,24,'NULL','NULL'),(38,5,25,'NULL','NULL'),(38,5,26,'NULL','NULL'),(38,6,15,'NULL','NULL'),(38,6,16,'NULL','NULL'),(38,6,17,'NULL','NULL'),(38,6,18,'NULL','NULL'),(38,6,19,'NULL','NULL'),(38,6,20,'NULL','NULL'),(38,6,21,'NULL','NULL'),(38,6,22,'NULL','NULL'),(38,6,23,'NULL','NULL'),(38,6,24,'NULL','NULL'),(38,6,25,'NULL','NULL'),(38,6,26,'NULL','NULL'),(38,9,16,'NULL','74'),(38,9,17,'NULL','79'),(39,1,21,'353','NULL'),(39,1,23,'353','NULL'),(39,1,24,'353','NULL'),(39,1,25,'353','NULL'),(39,1,26,'353','NULL'),(39,2,15,'4731','NULL'),(39,2,16,'5383','NULL'),(39,2,17,'4731','NULL'),(39,2,18,'4207','NULL'),(39,2,19,'4731','NULL'),(39,2,20,'4731','NULL'),(39,2,21,'4731','NULL'),(39,2,22,'4731','NULL'),(39,3,15,'NULL','NULL'),(39,3,16,'NULL','NULL'),(39,3,17,'NULL','NULL'),(39,3,18,'NULL','NULL'),(39,3,19,'NULL','NULL'),(39,3,20,'NULL','NULL'),(39,3,21,'NULL','NULL'),(39,3,22,'NULL','NULL'),(39,3,23,'NULL','NULL'),(39,3,24,'NULL','NULL'),(39,3,25,'NULL','NULL'),(39,3,26,'NULL','NULL'),(39,5,15,'NULL','NULL'),(39,5,16,'NULL','NULL'),(39,5,17,'NULL','NULL'),(39,5,18,'NULL','NULL'),(39,5,19,'NULL','NULL'),(39,5,20,'NULL','NULL'),(39,5,21,'NULL','NULL'),(39,5,22,'NULL','NULL'),(39,5,23,'NULL','NULL'),(39,5,24,'NULL','NULL'),(39,5,25,'NULL','NULL'),(39,5,26,'NULL','NULL'),(39,6,15,'NULL','NULL'),(39,6,16,'NULL','NULL'),(39,6,17,'NULL','NULL'),(39,6,18,'NULL','NULL'),(39,6,19,'NULL','NULL'),(39,6,20,'NULL','NULL'),(39,6,21,'NULL','NULL'),(39,6,22,'NULL','NULL'),(39,6,23,'NULL','NULL'),(39,6,24,'NULL','NULL'),(39,6,25,'NULL','NULL'),(39,6,26,'NULL','NULL'),(39,9,16,'NULL','65'),(39,9,17,'NULL','71'),(41,1,21,'353','NULL'),(41,1,23,'353','NULL'),(41,1,24,'353','NULL'),(41,1,25,'353','NULL'),(41,1,26,'353','NULL'),(41,2,15,'4357','NULL'),(41,2,16,'7178','NULL'),(41,2,17,'4357','NULL'),(41,2,18,'3915','NULL'),(41,2,19,'4357','NULL'),(41,2,20,'3997','NULL'),(41,2,21,'3997','NULL'),(41,2,22,'3997','NULL'),(41,3,15,'NULL','NULL'),(41,3,16,'NULL','NULL'),(41,3,17,'NULL','NULL'),(41,3,18,'NULL','NULL'),(41,3,19,'NULL','NULL'),(41,3,20,'NULL','NULL'),(41,3,21,'NULL','NULL'),(41,3,22,'NULL','NULL'),(41,3,23,'NULL','NULL'),(41,3,24,'NULL','NULL'),(41,3,25,'NULL','NULL'),(41,3,26,'NULL','NULL'),(41,5,15,'NULL','NULL'),(41,5,16,'NULL','NULL'),(41,5,17,'NULL','NULL'),(41,5,18,'NULL','NULL'),(41,5,19,'NULL','NULL'),(41,5,20,'NULL','NULL'),(41,5,21,'NULL','NULL'),(41,5,22,'NULL','NULL'),(41,5,23,'NULL','NULL'),(41,5,24,'NULL','NULL'),(41,5,25,'NULL','NULL'),(41,5,26,'NULL','NULL'),(41,6,15,'NULL','NULL'),(41,6,16,'NULL','NULL'),(41,6,17,'NULL','NULL'),(41,6,18,'NULL','NULL'),(41,6,19,'NULL','NULL'),(41,6,20,'NULL','NULL'),(41,6,21,'NULL','NULL'),(41,6,22,'NULL','NULL'),(41,6,23,'NULL','NULL'),(41,6,24,'NULL','NULL'),(41,6,25,'NULL','NULL'),(41,6,26,'NULL','NULL'),(41,9,16,'NULL','58'),(41,9,17,'NULL','54'),(42,1,21,'353','NULL'),(42,1,23,'353','NULL'),(42,1,24,'353','NULL'),(42,1,25,'353','NULL'),(42,1,26,'353','NULL'),(42,3,15,'NULL','NULL'),(42,3,16,'NULL','NULL'),(42,3,17,'NULL','NULL'),(42,3,18,'NULL','NULL'),(42,3,19,'NULL','NULL'),(42,3,20,'NULL','NULL'),(42,3,21,'NULL','NULL'),(42,3,22,'NULL','NULL'),(42,3,23,'NULL','NULL'),(42,3,24,'NULL','NULL'),(42,3,25,'NULL','NULL'),(42,3,26,'NULL','NULL'),(42,5,15,'NULL','NULL'),(42,5,16,'NULL','NULL'),(42,5,17,'NULL','NULL'),(42,5,18,'NULL','NULL'),(42,5,19,'NULL','NULL'),(42,5,20,'NULL','NULL'),(42,5,21,'NULL','NULL'),(42,5,22,'NULL','NULL'),(42,5,23,'NULL','NULL'),(42,5,24,'NULL','NULL'),(42,5,25,'NULL','NULL'),(42,5,26,'NULL','NULL'),(42,6,15,'NULL','NULL'),(42,6,16,'NULL','NULL'),(42,6,17,'NULL','NULL'),(42,6,18,'NULL','NULL'),(42,6,19,'NULL','NULL'),(42,6,20,'NULL','NULL'),(42,6,21,'NULL','NULL'),(42,6,22,'NULL','NULL'),(42,6,23,'NULL','NULL'),(42,6,24,'NULL','NULL'),(42,6,25,'NULL','NULL'),(42,6,26,'NULL','NULL'),(42,9,16,'NULL','62'),(42,9,17,'NULL','50'),(43,1,21,'353','NULL'),(43,1,23,'353','NULL'),(43,1,24,'353','NULL'),(43,1,25,'353','NULL'),(43,1,26,'353','NULL'),(43,3,15,'NULL','NULL'),(43,3,16,'NULL','NULL'),(43,3,17,'NULL','NULL'),(43,3,18,'NULL','NULL'),(43,3,19,'NULL','NULL'),(43,3,20,'NULL','NULL'),(43,3,21,'NULL','NULL'),(43,3,22,'NULL','NULL'),(43,3,23,'NULL','NULL'),(43,3,24,'NULL','NULL'),(43,3,25,'NULL','NULL'),(43,3,26,'NULL','NULL'),(43,5,15,'NULL','NULL'),(43,5,16,'NULL','NULL'),(43,5,17,'NULL','NULL'),(43,5,18,'NULL','NULL'),(43,5,19,'NULL','NULL'),(43,5,20,'NULL','NULL'),(43,5,21,'NULL','NULL'),(43,5,22,'NULL','NULL'),(43,5,23,'NULL','NULL'),(43,5,24,'NULL','NULL'),(43,5,25,'NULL','NULL'),(43,5,26,'NULL','NULL'),(43,6,15,'NULL','NULL'),(43,6,16,'NULL','NULL'),(43,6,17,'NULL','NULL'),(43,6,18,'NULL','NULL'),(43,6,19,'NULL','NULL'),(43,6,20,'NULL','NULL'),(43,6,21,'NULL','NULL'),(43,6,22,'NULL','NULL'),(43,6,23,'NULL','NULL'),(43,6,24,'NULL','NULL'),(43,6,25,'NULL','NULL'),(43,6,26,'NULL','NULL'),(43,9,16,'NULL','74'),(43,9,17,'NULL','60'),(43,12,22,'NULL','70'),(45,1,21,'353','NULL'),(45,1,23,'353','NULL'),(45,1,24,'353','NULL'),(45,1,25,'353','NULL'),(45,1,26,'353','NULL'),(45,3,15,'NULL','NULL'),(45,3,16,'NULL','NULL'),(45,3,17,'NULL','NULL'),(45,3,18,'NULL','NULL'),(45,3,19,'NULL','NULL'),(45,3,20,'NULL','NULL'),(45,3,21,'NULL','NULL'),(45,3,22,'NULL','NULL'),(45,3,23,'NULL','NULL'),(45,3,24,'NULL','NULL'),(45,3,25,'NULL','NULL'),(45,3,26,'NULL','NULL'),(45,5,15,'NULL','NULL'),(45,5,16,'NULL','NULL'),(45,5,17,'NULL','NULL'),(45,5,18,'NULL','NULL'),(45,5,19,'NULL','NULL'),(45,5,20,'NULL','NULL'),(45,5,21,'NULL','NULL'),(45,5,22,'NULL','NULL'),(45,5,23,'NULL','NULL'),(45,5,24,'NULL','NULL'),(45,5,25,'NULL','NULL'),(45,5,26,'NULL','NULL'),(45,6,15,'NULL','NULL'),(45,6,16,'NULL','NULL'),(45,6,17,'NULL','NULL'),(45,6,18,'NULL','NULL'),(45,6,19,'NULL','NULL'),(45,6,20,'NULL','NULL'),(45,6,21,'NULL','NULL'),(45,6,22,'NULL','NULL'),(45,6,23,'NULL','NULL'),(45,6,24,'NULL','NULL'),(45,6,25,'NULL','NULL'),(45,6,26,'NULL','NULL'),(45,9,16,'NULL','62'),(45,9,17,'NULL','58'),(45,12,22,'NULL','56'),(46,1,21,'353','NULL'),(46,1,23,'353','NULL'),(46,1,24,'353','NULL'),(46,1,25,'353','NULL'),(46,1,26,'353','NULL'),(46,2,24,'3997','NULL'),(46,3,15,'NULL','NULL'),(46,3,16,'NULL','NULL'),(46,3,17,'NULL','NULL'),(46,3,18,'NULL','NULL'),(46,3,19,'NULL','NULL'),(46,3,20,'NULL','NULL'),(46,3,21,'NULL','NULL'),(46,3,22,'NULL','NULL'),(46,3,23,'NULL','NULL'),(46,3,24,'NULL','NULL'),(46,3,25,'NULL','NULL'),(46,3,26,'NULL','NULL'),(46,5,15,'NULL','NULL'),(46,5,16,'NULL','NULL'),(46,5,17,'NULL','NULL'),(46,5,18,'NULL','NULL'),(46,5,19,'NULL','NULL'),(46,5,20,'NULL','NULL'),(46,5,21,'NULL','NULL'),(46,5,22,'NULL','NULL'),(46,5,23,'NULL','NULL'),(46,5,24,'NULL','NULL'),(46,5,25,'NULL','NULL'),(46,5,26,'NULL','NULL'),(46,6,15,'NULL','NULL'),(46,6,16,'NULL','NULL'),(46,6,17,'NULL','NULL'),(46,6,18,'NULL','NULL'),(46,6,19,'NULL','NULL'),(46,6,20,'NULL','NULL'),(46,6,21,'NULL','NULL'),(46,6,22,'NULL','NULL'),(46,6,23,'NULL','NULL'),(46,6,24,'NULL','NULL'),(46,6,25,'NULL','NULL'),(46,6,26,'NULL','NULL'),(46,9,16,'NULL','69'),(46,9,17,'NULL','56'),(46,12,22,'NULL','70'),(47,1,21,'353','NULL'),(47,1,23,'353','NULL'),(47,1,24,'353','NULL'),(47,1,25,'353','NULL'),(47,1,26,'353','NULL'),(47,2,24,'4568','NULL'),(47,3,15,'NULL','NULL'),(47,3,16,'NULL','NULL'),(47,3,17,'NULL','NULL'),(47,3,18,'NULL','NULL'),(47,3,19,'NULL','NULL'),(47,3,20,'NULL','NULL'),(47,3,21,'NULL','NULL'),(47,3,22,'NULL','NULL'),(47,3,23,'NULL','NULL'),(47,3,24,'NULL','NULL'),(47,3,25,'NULL','NULL'),(47,3,26,'NULL','NULL'),(47,5,15,'NULL','NULL'),(47,5,16,'NULL','NULL'),(47,5,17,'NULL','NULL'),(47,5,18,'NULL','NULL'),(47,5,19,'NULL','NULL'),(47,5,20,'NULL','NULL'),(47,5,21,'NULL','NULL'),(47,5,22,'NULL','NULL'),(47,5,23,'NULL','NULL'),(47,5,24,'NULL','NULL'),(47,5,25,'NULL','NULL'),(47,5,26,'NULL','NULL'),(47,6,15,'NULL','NULL'),(47,6,16,'NULL','NULL'),(47,6,17,'NULL','NULL'),(47,6,18,'NULL','NULL'),(47,6,19,'NULL','NULL'),(47,6,20,'NULL','NULL'),(47,6,21,'NULL','NULL'),(47,6,22,'NULL','NULL'),(47,6,23,'NULL','NULL'),(47,6,24,'NULL','NULL'),(47,6,25,'NULL','NULL'),(47,6,26,'NULL','NULL'),(47,9,16,'NULL','54'),(47,9,17,'NULL','57'),(47,12,22,'NULL','63'),(48,1,21,'353','NULL'),(48,1,23,'353','NULL'),(48,1,24,'353','NULL'),(48,1,25,'353','NULL'),(48,1,26,'353','NULL'),(48,2,24,'4207','NULL'),(48,3,15,'NULL','NULL'),(48,3,16,'NULL','NULL'),(48,3,17,'NULL','NULL'),(48,3,18,'NULL','NULL'),(48,3,19,'NULL','NULL'),(48,3,20,'NULL','NULL'),(48,3,21,'NULL','NULL'),(48,3,22,'NULL','NULL'),(48,3,23,'NULL','NULL'),(48,3,24,'NULL','NULL'),(48,3,25,'NULL','NULL'),(48,3,26,'NULL','NULL'),(48,5,15,'NULL','NULL'),(48,5,16,'NULL','NULL'),(48,5,17,'NULL','NULL'),(48,5,18,'NULL','NULL'),(48,5,19,'NULL','NULL'),(48,5,20,'NULL','NULL'),(48,5,21,'NULL','NULL'),(48,5,22,'NULL','NULL'),(48,5,23,'NULL','NULL'),(48,5,24,'NULL','NULL'),(48,5,25,'NULL','NULL'),(48,5,26,'NULL','NULL'),(48,6,15,'NULL','NULL'),(48,6,16,'NULL','NULL'),(48,6,17,'NULL','NULL'),(48,6,18,'NULL','NULL'),(48,6,19,'NULL','NULL'),(48,6,20,'NULL','NULL'),(48,6,21,'NULL','NULL'),(48,6,22,'NULL','NULL'),(48,6,23,'NULL','NULL'),(48,6,24,'NULL','NULL'),(48,6,25,'NULL','NULL'),(48,6,26,'NULL','NULL'),(48,9,16,'NULL','63'),(48,9,17,'NULL','50'),(48,12,22,'NULL','62'),(49,1,21,'353','NULL'),(49,1,23,'353','NULL'),(49,1,24,'353','NULL'),(49,1,25,'353','NULL'),(49,1,26,'353','NULL'),(49,2,16,'4140','NULL'),(49,2,17,'3915','NULL'),(49,2,18,'4894','NULL'),(49,2,19,'3915','NULL'),(49,2,20,'3915','NULL'),(49,2,21,'3915','NULL'),(49,2,22,'3915','NULL'),(49,2,24,'4894','NULL'),(49,2,25,'3997','NULL'),(49,3,15,'NULL','NULL'),(49,3,16,'NULL','NULL'),(49,3,17,'NULL','NULL'),(49,3,18,'NULL','NULL'),(49,3,19,'NULL','NULL'),(49,3,20,'NULL','NULL'),(49,3,21,'NULL','NULL'),(49,3,22,'NULL','NULL'),(49,3,23,'NULL','NULL'),(49,3,24,'NULL','NULL'),(49,3,25,'NULL','NULL'),(49,3,26,'NULL','NULL'),(49,5,15,'NULL','NULL'),(49,5,16,'NULL','NULL'),(49,5,17,'NULL','NULL'),(49,5,18,'NULL','NULL'),(49,5,19,'NULL','NULL'),(49,5,20,'NULL','NULL'),(49,5,21,'NULL','NULL'),(49,5,22,'NULL','NULL'),(49,5,23,'NULL','NULL'),(49,5,24,'NULL','NULL'),(49,5,25,'NULL','NULL'),(49,5,26,'NULL','NULL'),(49,6,15,'NULL','NULL'),(49,6,16,'NULL','NULL'),(49,6,17,'NULL','NULL'),(49,6,18,'NULL','NULL'),(49,6,19,'NULL','NULL'),(49,6,20,'NULL','NULL'),(49,6,21,'NULL','NULL'),(49,6,22,'NULL','NULL'),(49,6,23,'NULL','NULL'),(49,6,24,'NULL','NULL'),(49,6,25,'NULL','NULL'),(49,6,26,'NULL','NULL'),(49,9,16,'NULL','78'),(49,12,22,'NULL','77'),(50,1,21,'353','NULL'),(50,1,23,'353','NULL'),(50,1,24,'353','NULL'),(50,1,25,'353','NULL'),(50,1,26,'353','NULL'),(50,2,16,'4731','NULL'),(50,2,17,'5383','NULL'),(50,2,18,'3283','NULL'),(50,2,19,'5383','NULL'),(50,2,20,'5383','NULL'),(50,2,21,'5383','NULL'),(50,2,22,'5383','NULL'),(50,2,24,'3283','NULL'),(50,2,25,'4568','NULL'),(50,3,15,'NULL','NULL'),(50,3,16,'NULL','NULL'),(50,3,17,'NULL','NULL'),(50,3,18,'NULL','NULL'),(50,3,19,'NULL','NULL'),(50,3,20,'NULL','NULL'),(50,3,21,'NULL','NULL'),(50,3,22,'NULL','NULL'),(50,3,23,'NULL','NULL'),(50,3,24,'NULL','NULL'),(50,3,25,'NULL','NULL'),(50,3,26,'NULL','NULL'),(50,5,15,'NULL','NULL'),(50,5,16,'NULL','NULL'),(50,5,17,'NULL','NULL'),(50,5,18,'NULL','NULL'),(50,5,19,'NULL','NULL'),(50,5,20,'NULL','NULL'),(50,5,21,'NULL','NULL'),(50,5,22,'NULL','NULL'),(50,5,23,'NULL','NULL'),(50,5,24,'NULL','NULL'),(50,5,25,'NULL','NULL'),(50,5,26,'NULL','NULL'),(50,6,15,'NULL','NULL'),(50,6,16,'NULL','NULL'),(50,6,17,'NULL','NULL'),(50,6,18,'NULL','NULL'),(50,6,19,'NULL','NULL'),(50,6,20,'NULL','NULL'),(50,6,21,'NULL','NULL'),(50,6,22,'NULL','NULL'),(50,6,23,'NULL','NULL'),(50,6,24,'NULL','NULL'),(50,6,25,'NULL','NULL'),(50,6,26,'NULL','NULL'),(50,9,16,'NULL','73'),(50,9,19,'NULL','68'),(50,12,22,'NULL','52'),(51,1,21,'353','NULL'),(51,1,23,'353','NULL'),(51,1,24,'353','NULL'),(51,1,25,'353','NULL'),(51,1,26,'353','NULL'),(51,2,16,'4357','NULL'),(51,2,17,'7178','NULL'),(51,2,18,'4140','NULL'),(51,2,19,'7178','NULL'),(51,2,20,'7178','NULL'),(51,2,21,'7178','NULL'),(51,2,22,'7178','NULL'),(51,2,24,'4140','NULL'),(51,2,25,'4207','NULL'),(51,3,15,'NULL','NULL'),(51,3,16,'NULL','NULL'),(51,3,17,'NULL','NULL'),(51,3,18,'NULL','NULL'),(51,3,19,'NULL','NULL'),(51,3,20,'NULL','NULL'),(51,3,21,'NULL','NULL'),(51,3,22,'NULL','NULL'),(51,3,23,'NULL','NULL'),(51,3,24,'NULL','NULL'),(51,3,25,'NULL','NULL'),(51,3,26,'NULL','NULL'),(51,5,15,'NULL','NULL'),(51,5,16,'NULL','NULL'),(51,5,17,'NULL','NULL'),(51,5,18,'NULL','NULL'),(51,5,19,'NULL','NULL'),(51,5,20,'NULL','NULL'),(51,5,21,'NULL','NULL'),(51,5,22,'NULL','NULL'),(51,5,23,'NULL','NULL'),(51,5,24,'NULL','NULL'),(51,5,25,'NULL','NULL'),(51,5,26,'NULL','NULL'),(51,6,15,'NULL','NULL'),(51,6,16,'NULL','NULL'),(51,6,17,'NULL','NULL'),(51,6,18,'NULL','NULL'),(51,6,19,'NULL','NULL'),(51,6,20,'NULL','NULL'),(51,6,21,'NULL','NULL'),(51,6,22,'NULL','NULL'),(51,6,23,'NULL','NULL'),(51,6,24,'NULL','NULL'),(51,6,25,'NULL','NULL'),(51,6,26,'NULL','NULL'),(51,9,16,'NULL','76'),(51,9,19,'NULL','51'),(51,12,22,'NULL','56'),(54,1,21,'353','NULL'),(54,1,23,'353','NULL'),(54,1,24,'353','NULL'),(54,1,25,'353','NULL'),(54,1,26,'353','NULL'),(54,2,24,'4282','NULL'),(54,2,25,'4894','NULL'),(54,3,15,'NULL','NULL'),(54,3,16,'NULL','NULL'),(54,3,17,'NULL','NULL'),(54,3,18,'NULL','NULL'),(54,3,19,'NULL','NULL'),(54,3,20,'NULL','NULL'),(54,3,21,'NULL','NULL'),(54,3,22,'NULL','NULL'),(54,3,23,'NULL','NULL'),(54,3,24,'NULL','NULL'),(54,3,25,'NULL','NULL'),(54,3,26,'NULL','NULL'),(54,5,15,'NULL','NULL'),(54,5,16,'NULL','NULL'),(54,5,17,'NULL','NULL'),(54,5,18,'NULL','NULL'),(54,5,19,'NULL','NULL'),(54,5,20,'NULL','NULL'),(54,5,21,'NULL','NULL'),(54,5,22,'NULL','NULL'),(54,5,23,'NULL','NULL'),(54,5,24,'NULL','NULL'),(54,5,25,'NULL','NULL'),(54,5,26,'NULL','NULL'),(54,6,15,'NULL','NULL'),(54,6,16,'NULL','NULL'),(54,6,17,'NULL','NULL'),(54,6,18,'NULL','NULL'),(54,6,19,'NULL','NULL'),(54,6,20,'NULL','NULL'),(54,6,21,'NULL','NULL'),(54,6,22,'NULL','NULL'),(54,6,23,'NULL','NULL'),(54,6,24,'NULL','NULL'),(54,6,25,'NULL','NULL'),(54,6,26,'NULL','NULL'),(54,9,16,'NULL','51'),(54,12,22,'NULL','51'),(55,1,21,'353','NULL'),(55,1,23,'353','NULL'),(55,1,24,'353','NULL'),(55,1,25,'353','NULL'),(55,1,26,'353','NULL'),(55,2,24,'4207','NULL'),(55,2,25,'3283','NULL'),(55,3,15,'NULL','NULL'),(55,3,16,'NULL','NULL'),(55,3,17,'NULL','NULL'),(55,3,18,'NULL','NULL'),(55,3,19,'NULL','NULL'),(55,3,20,'NULL','NULL'),(55,3,21,'NULL','NULL'),(55,3,22,'NULL','NULL'),(55,3,23,'NULL','NULL'),(55,3,24,'NULL','NULL'),(55,3,25,'NULL','NULL'),(55,3,26,'NULL','NULL'),(55,5,15,'NULL','NULL'),(55,5,16,'NULL','NULL'),(55,5,17,'NULL','NULL'),(55,5,18,'NULL','NULL'),(55,5,19,'NULL','NULL'),(55,5,20,'NULL','NULL'),(55,5,21,'NULL','NULL'),(55,5,22,'NULL','NULL'),(55,5,23,'NULL','NULL'),(55,5,24,'NULL','NULL'),(55,5,25,'NULL','NULL'),(55,5,26,'NULL','NULL'),(55,6,15,'NULL','NULL'),(55,6,16,'NULL','NULL'),(55,6,17,'NULL','NULL'),(55,6,18,'NULL','NULL'),(55,6,19,'NULL','NULL'),(55,6,20,'NULL','NULL'),(55,6,21,'NULL','NULL'),(55,6,22,'NULL','NULL'),(55,6,23,'NULL','NULL'),(55,6,24,'NULL','NULL'),(55,6,25,'NULL','NULL'),(55,6,26,'NULL','NULL'),(55,12,22,'NULL','77'),(57,1,21,'353','NULL'),(57,1,23,'353','NULL'),(57,1,24,'353','NULL'),(57,1,25,'353','NULL'),(57,1,26,'353','NULL'),(57,2,24,'3915','NULL'),(57,2,25,'4140','NULL'),(57,3,15,'NULL','NULL'),(57,3,16,'NULL','NULL'),(57,3,17,'NULL','NULL'),(57,3,18,'NULL','NULL'),(57,3,19,'NULL','NULL'),(57,3,20,'NULL','NULL'),(57,3,21,'NULL','NULL'),(57,3,22,'NULL','NULL'),(57,3,23,'NULL','NULL'),(57,3,24,'NULL','NULL'),(57,3,25,'NULL','NULL'),(57,3,26,'NULL','NULL'),(57,5,15,'NULL','NULL'),(57,5,16,'NULL','NULL'),(57,5,17,'NULL','NULL'),(57,5,18,'NULL','NULL'),(57,5,19,'NULL','NULL'),(57,5,20,'NULL','NULL'),(57,5,21,'NULL','NULL'),(57,5,22,'NULL','NULL'),(57,5,23,'NULL','NULL'),(57,5,24,'NULL','NULL'),(57,5,25,'NULL','NULL'),(57,5,26,'NULL','NULL'),(57,6,15,'NULL','NULL'),(57,6,16,'NULL','NULL'),(57,6,17,'NULL','NULL'),(57,6,18,'NULL','NULL'),(57,6,19,'NULL','NULL'),(57,6,20,'NULL','NULL'),(57,6,21,'NULL','NULL'),(57,6,22,'NULL','NULL'),(57,6,23,'NULL','NULL'),(57,6,24,'NULL','NULL'),(57,6,25,'NULL','NULL'),(57,6,26,'NULL','NULL'),(57,12,22,'NULL','74'),(58,9,19,'NULL','50'),(59,1,21,'353','NULL'),(59,1,23,'353','NULL'),(59,1,24,'353','NULL'),(59,1,25,'353','NULL'),(59,1,26,'353','NULL'),(59,2,24,'5383','NULL'),(59,2,25,'4282','NULL'),(59,3,15,'NULL','NULL'),(59,3,16,'NULL','NULL'),(59,3,17,'NULL','NULL'),(59,3,18,'NULL','NULL'),(59,3,19,'NULL','NULL'),(59,3,20,'NULL','NULL'),(59,3,21,'NULL','NULL'),(59,3,22,'NULL','NULL'),(59,3,23,'NULL','NULL'),(59,3,24,'NULL','NULL'),(59,3,25,'NULL','NULL'),(59,3,26,'NULL','NULL'),(59,5,15,'NULL','NULL'),(59,5,16,'NULL','NULL'),(59,5,17,'NULL','NULL'),(59,5,18,'NULL','NULL'),(59,5,19,'NULL','NULL'),(59,5,20,'NULL','NULL'),(59,5,21,'NULL','NULL'),(59,5,22,'NULL','NULL'),(59,5,23,'NULL','NULL'),(59,5,24,'NULL','NULL'),(59,5,25,'NULL','NULL'),(59,5,26,'NULL','NULL'),(59,6,15,'NULL','NULL'),(59,6,16,'NULL','NULL'),(59,6,17,'NULL','NULL'),(59,6,18,'NULL','NULL'),(59,6,19,'NULL','NULL'),(59,6,20,'NULL','NULL'),(59,6,21,'NULL','NULL'),(59,6,22,'NULL','NULL'),(59,6,23,'NULL','NULL'),(59,6,24,'NULL','NULL'),(59,6,25,'NULL','NULL'),(59,6,26,'NULL','NULL'),(59,12,22,'NULL','52'),(60,1,21,'353','NULL'),(60,1,23,'353','NULL'),(60,1,24,'353','NULL'),(60,1,25,'353','NULL'),(60,1,26,'353','NULL'),(60,2,24,'7178','NULL'),(60,2,25,'4207','NULL'),(60,3,15,'NULL','NULL'),(60,3,16,'NULL','NULL'),(60,3,17,'NULL','NULL'),(60,3,18,'NULL','NULL'),(60,3,19,'NULL','NULL'),(60,3,20,'NULL','NULL'),(60,3,21,'NULL','NULL'),(60,3,22,'NULL','NULL'),(60,3,23,'NULL','NULL'),(60,3,24,'NULL','NULL'),(60,3,25,'NULL','NULL'),(60,3,26,'NULL','NULL'),(60,5,15,'NULL','NULL'),(60,5,16,'NULL','NULL'),(60,5,17,'NULL','NULL'),(60,5,18,'NULL','NULL'),(60,5,19,'NULL','NULL'),(60,5,20,'NULL','NULL'),(60,5,21,'NULL','NULL'),(60,5,22,'NULL','NULL'),(60,5,23,'NULL','NULL'),(60,5,24,'NULL','NULL'),(60,5,25,'NULL','NULL'),(60,5,26,'NULL','NULL'),(60,6,15,'NULL','NULL'),(60,6,16,'NULL','NULL'),(60,6,17,'NULL','NULL'),(60,6,18,'NULL','NULL'),(60,6,19,'NULL','NULL'),(60,6,20,'NULL','NULL'),(60,6,21,'NULL','NULL'),(60,6,22,'NULL','NULL'),(60,6,23,'NULL','NULL'),(60,6,24,'NULL','NULL'),(60,6,25,'NULL','NULL'),(60,6,26,'NULL','NULL'),(61,1,21,'353','NULL'),(61,1,23,'353','NULL'),(61,1,24,'353','NULL'),(61,1,25,'353','NULL'),(61,1,26,'353','NULL'),(61,2,24,'4140','NULL'),(61,2,25,'3915','NULL'),(61,3,15,'NULL','NULL'),(61,3,16,'NULL','NULL'),(61,3,17,'NULL','NULL'),(61,3,18,'NULL','NULL'),(61,3,19,'NULL','NULL'),(61,3,20,'NULL','NULL'),(61,3,21,'NULL','NULL'),(61,3,22,'NULL','NULL'),(61,3,23,'NULL','NULL'),(61,3,24,'NULL','NULL'),(61,3,25,'NULL','NULL'),(61,3,26,'NULL','NULL'),(61,5,15,'NULL','NULL'),(61,5,16,'NULL','NULL'),(61,5,17,'NULL','NULL'),(61,5,18,'NULL','NULL'),(61,5,19,'NULL','NULL'),(61,5,20,'NULL','NULL'),(61,5,21,'NULL','NULL'),(61,5,22,'NULL','NULL'),(61,5,23,'NULL','NULL'),(61,5,24,'NULL','NULL'),(61,5,25,'NULL','NULL'),(61,5,26,'NULL','NULL'),(61,6,15,'NULL','NULL'),(61,6,16,'NULL','NULL'),(61,6,17,'NULL','NULL'),(61,6,18,'NULL','NULL'),(61,6,19,'NULL','NULL'),(61,6,20,'NULL','NULL'),(61,6,21,'NULL','NULL'),(61,6,22,'NULL','NULL'),(61,6,23,'NULL','NULL'),(61,6,24,'NULL','NULL'),(61,6,25,'NULL','NULL'),(61,6,26,'NULL','NULL'),(63,1,21,'353','NULL'),(63,1,23,'353','NULL'),(63,1,24,'353','NULL'),(63,1,25,'353','NULL'),(63,1,26,'353','NULL'),(63,2,24,'4731','NULL'),(63,2,25,'5383','NULL'),(63,3,15,'NULL','NULL'),(63,3,16,'NULL','NULL'),(63,3,17,'NULL','NULL'),(63,3,18,'NULL','NULL'),(63,3,19,'NULL','NULL'),(63,3,20,'NULL','NULL'),(63,3,21,'NULL','NULL'),(63,3,22,'NULL','NULL'),(63,3,23,'NULL','NULL'),(63,3,24,'NULL','NULL'),(63,3,25,'NULL','NULL'),(63,3,26,'NULL','NULL'),(63,5,15,'NULL','NULL'),(63,5,16,'NULL','NULL'),(63,5,17,'NULL','NULL'),(63,5,18,'NULL','NULL'),(63,5,19,'NULL','NULL'),(63,5,20,'NULL','NULL'),(63,5,21,'NULL','NULL'),(63,5,22,'NULL','NULL'),(63,5,23,'NULL','NULL'),(63,5,24,'NULL','NULL'),(63,5,25,'NULL','NULL'),(63,5,26,'NULL','NULL'),(63,6,15,'NULL','NULL'),(63,6,16,'NULL','NULL'),(63,6,17,'NULL','NULL'),(63,6,18,'NULL','NULL'),(63,6,19,'NULL','NULL'),(63,6,20,'NULL','NULL'),(63,6,21,'NULL','NULL'),(63,6,22,'NULL','NULL'),(63,6,23,'NULL','NULL'),(63,6,24,'NULL','NULL'),(63,6,25,'NULL','NULL'),(63,6,26,'NULL','NULL'),(64,1,21,'353','NULL'),(64,1,23,'353','NULL'),(64,1,24,'353','NULL'),(64,1,25,'353','NULL'),(64,1,26,'353','NULL'),(64,2,24,'4357','NULL'),(64,2,25,'7178','NULL'),(64,3,15,'NULL','NULL'),(64,3,16,'NULL','NULL'),(64,3,17,'NULL','NULL'),(64,3,18,'NULL','NULL'),(64,3,19,'NULL','NULL'),(64,3,20,'NULL','NULL'),(64,3,21,'NULL','NULL'),(64,3,22,'NULL','NULL'),(64,3,23,'NULL','NULL'),(64,3,24,'NULL','NULL'),(64,3,25,'NULL','NULL'),(64,3,26,'NULL','NULL'),(64,5,15,'NULL','NULL'),(64,5,16,'NULL','NULL'),(64,5,17,'NULL','NULL'),(64,5,18,'NULL','NULL'),(64,5,19,'NULL','NULL'),(64,5,20,'NULL','NULL'),(64,5,21,'NULL','NULL'),(64,5,22,'NULL','NULL'),(64,5,23,'NULL','NULL'),(64,5,24,'NULL','NULL'),(64,5,25,'NULL','NULL'),(64,5,26,'NULL','NULL'),(64,6,15,'NULL','NULL'),(64,6,16,'NULL','NULL'),(64,6,17,'NULL','NULL'),(64,6,18,'NULL','NULL'),(64,6,19,'NULL','NULL'),(64,6,20,'NULL','NULL'),(64,6,21,'NULL','NULL'),(64,6,22,'NULL','NULL'),(64,6,23,'NULL','NULL'),(64,6,24,'NULL','NULL'),(64,6,25,'NULL','NULL'),(64,6,26,'NULL','NULL'),(76,1,21,'353','NULL'),(76,1,23,'353','NULL'),(76,1,24,'353','NULL'),(76,1,25,'353','NULL'),(76,1,26,'353','NULL'),(76,2,25,'4140','NULL'),(76,3,15,'NULL','NULL'),(76,3,16,'NULL','NULL'),(76,3,17,'NULL','NULL'),(76,3,18,'NULL','NULL'),(76,3,19,'NULL','NULL'),(76,3,20,'NULL','NULL'),(76,3,21,'NULL','NULL'),(76,3,22,'NULL','NULL'),(76,3,23,'NULL','NULL'),(76,3,24,'NULL','NULL'),(76,3,25,'NULL','NULL'),(76,3,26,'NULL','NULL'),(76,4,15,'NULL','NULL'),(76,4,16,'NULL','NULL'),(76,4,17,'NULL','NULL'),(76,4,18,'NULL','NULL'),(76,4,19,'NULL','NULL'),(76,4,20,'NULL','NULL'),(76,4,21,'NULL','NULL'),(76,4,22,'NULL','NULL'),(76,4,23,'NULL','NULL'),(76,4,24,'NULL','NULL'),(76,4,25,'NULL','NULL'),(76,4,26,'NULL','NULL'),(76,5,15,'NULL','NULL'),(76,5,16,'NULL','NULL'),(76,5,17,'NULL','NULL'),(76,5,18,'NULL','NULL'),(76,5,19,'NULL','NULL'),(76,5,20,'NULL','NULL'),(76,5,21,'NULL','NULL'),(76,5,22,'NULL','NULL'),(76,5,23,'NULL','NULL'),(76,5,24,'NULL','NULL'),(76,5,25,'NULL','NULL'),(76,5,26,'NULL','NULL'),(76,6,15,'NULL','NULL'),(76,6,16,'NULL','NULL'),(76,6,17,'NULL','NULL'),(76,6,18,'NULL','NULL'),(76,6,19,'NULL','NULL'),(76,6,20,'NULL','NULL'),(76,6,21,'NULL','NULL'),(76,6,22,'NULL','NULL'),(76,6,23,'NULL','NULL'),(76,6,24,'NULL','NULL'),(76,6,25,'NULL','NULL'),(76,6,26,'NULL','NULL'),(83,1,21,'353','NULL'),(83,1,23,'353','NULL'),(83,1,24,'353','NULL'),(83,1,25,'353','NULL'),(83,1,26,'353','NULL'),(83,2,25,'4731','NULL'),(83,3,15,'NULL','NULL'),(83,3,16,'NULL','NULL'),(83,3,17,'NULL','NULL'),(83,3,18,'NULL','NULL'),(83,3,19,'NULL','NULL'),(83,3,20,'NULL','NULL'),(83,3,21,'NULL','NULL'),(83,3,22,'NULL','NULL'),(83,3,23,'NULL','NULL'),(83,3,24,'NULL','NULL'),(83,3,25,'NULL','NULL'),(83,3,26,'NULL','NULL'),(83,4,15,'NULL','NULL'),(83,4,16,'NULL','NULL'),(83,4,17,'NULL','NULL'),(83,4,18,'NULL','NULL'),(83,4,19,'NULL','NULL'),(83,4,20,'NULL','NULL'),(83,4,21,'NULL','NULL'),(83,4,22,'NULL','NULL'),(83,4,23,'NULL','NULL'),(83,4,24,'NULL','NULL'),(83,4,25,'NULL','NULL'),(83,4,26,'NULL','NULL'),(83,5,15,'NULL','NULL'),(83,5,16,'NULL','NULL'),(83,5,17,'NULL','NULL'),(83,5,18,'NULL','NULL'),(83,5,19,'NULL','NULL'),(83,5,20,'NULL','NULL'),(83,5,21,'NULL','NULL'),(83,5,22,'NULL','NULL'),(83,5,23,'NULL','NULL'),(83,5,24,'NULL','NULL'),(83,5,25,'NULL','NULL'),(83,5,26,'NULL','NULL'),(83,6,15,'NULL','NULL'),(83,6,16,'NULL','NULL'),(83,6,17,'NULL','NULL'),(83,6,18,'NULL','NULL'),(83,6,19,'NULL','NULL'),(83,6,20,'NULL','NULL'),(83,6,21,'NULL','NULL'),(83,6,22,'NULL','NULL'),(83,6,23,'NULL','NULL'),(83,6,24,'NULL','NULL'),(83,6,25,'NULL','NULL'),(83,6,26,'NULL','NULL'),(84,1,21,'353','NULL'),(84,1,23,'353','NULL'),(84,1,24,'353','NULL'),(84,1,25,'353','NULL'),(84,1,26,'353','NULL'),(84,2,25,'4357','NULL'),(84,3,15,'NULL','NULL'),(84,3,16,'NULL','NULL'),(84,3,17,'NULL','NULL'),(84,3,18,'NULL','NULL'),(84,3,19,'NULL','NULL'),(84,3,20,'NULL','NULL'),(84,3,21,'NULL','NULL'),(84,3,22,'NULL','NULL'),(84,3,23,'NULL','NULL'),(84,3,24,'NULL','NULL'),(84,3,25,'NULL','NULL'),(84,3,26,'NULL','NULL'),(84,4,15,'NULL','NULL'),(84,4,16,'NULL','NULL'),(84,4,17,'NULL','NULL'),(84,4,18,'NULL','NULL'),(84,4,19,'NULL','NULL'),(84,4,20,'NULL','NULL'),(84,4,21,'NULL','NULL'),(84,4,22,'NULL','NULL'),(84,4,23,'NULL','NULL'),(84,4,24,'NULL','NULL'),(84,4,25,'NULL','NULL'),(84,4,26,'NULL','NULL'),(84,5,15,'NULL','NULL'),(84,5,16,'NULL','NULL'),(84,5,17,'NULL','NULL'),(84,5,18,'NULL','NULL'),(84,5,19,'NULL','NULL'),(84,5,20,'NULL','NULL'),(84,5,21,'NULL','NULL'),(84,5,22,'NULL','NULL'),(84,5,23,'NULL','NULL'),(84,5,24,'NULL','NULL'),(84,5,25,'NULL','NULL'),(84,5,26,'NULL','NULL'),(84,6,15,'NULL','NULL'),(84,6,16,'NULL','NULL'),(84,6,17,'NULL','NULL'),(84,6,18,'NULL','NULL'),(84,6,19,'NULL','NULL'),(84,6,20,'NULL','NULL'),(84,6,21,'NULL','NULL'),(84,6,22,'NULL','NULL'),(84,6,23,'NULL','NULL'),(84,6,24,'NULL','NULL'),(84,6,25,'NULL','NULL'),(84,6,26,'NULL','NULL'),(85,1,21,'353','NULL'),(85,1,23,'353','NULL'),(85,1,24,'353','NULL'),(85,1,25,'353','NULL'),(85,1,26,'353','NULL'),(85,3,15,'NULL','NULL'),(85,3,16,'NULL','NULL'),(85,3,17,'NULL','NULL'),(85,3,18,'NULL','NULL'),(85,3,19,'NULL','NULL'),(85,3,20,'NULL','NULL'),(85,3,21,'NULL','NULL'),(85,3,22,'NULL','NULL'),(85,3,23,'NULL','NULL'),(85,3,24,'NULL','NULL'),(85,3,25,'NULL','NULL'),(85,3,26,'NULL','NULL'),(85,4,15,'NULL','NULL'),(85,4,16,'NULL','NULL'),(85,4,17,'NULL','NULL'),(85,4,18,'NULL','NULL'),(85,4,19,'NULL','NULL'),(85,4,20,'NULL','NULL'),(85,4,21,'NULL','NULL'),(85,4,22,'NULL','NULL'),(85,4,23,'NULL','NULL'),(85,4,24,'NULL','NULL'),(85,4,25,'NULL','NULL'),(85,4,26,'NULL','NULL'),(85,5,15,'NULL','NULL'),(85,5,16,'NULL','NULL'),(85,5,17,'NULL','NULL'),(85,5,18,'NULL','NULL'),(85,5,19,'NULL','NULL'),(85,5,20,'NULL','NULL'),(85,5,21,'NULL','NULL'),(85,5,22,'NULL','NULL'),(85,5,23,'NULL','NULL'),(85,5,24,'NULL','NULL'),(85,5,25,'NULL','NULL'),(85,5,26,'NULL','NULL'),(85,6,15,'NULL','NULL'),(85,6,16,'NULL','NULL'),(85,6,17,'NULL','NULL'),(85,6,18,'NULL','NULL'),(85,6,19,'NULL','NULL'),(85,6,20,'NULL','NULL'),(85,6,21,'NULL','NULL'),(85,6,22,'NULL','NULL'),(85,6,23,'NULL','NULL'),(85,6,24,'NULL','NULL'),(85,6,25,'NULL','NULL'),(85,6,26,'NULL','NULL'),(86,1,21,'353','NULL'),(86,1,23,'353','NULL'),(86,1,24,'353','NULL'),(86,1,25,'353','NULL'),(86,1,26,'353','NULL'),(86,3,15,'NULL','NULL'),(86,3,16,'NULL','NULL'),(86,3,17,'NULL','NULL'),(86,3,18,'NULL','NULL'),(86,3,19,'NULL','NULL'),(86,3,20,'NULL','NULL'),(86,3,21,'NULL','NULL'),(86,3,22,'NULL','NULL'),(86,3,23,'NULL','NULL'),(86,3,24,'NULL','NULL'),(86,3,25,'NULL','NULL'),(86,3,26,'NULL','NULL'),(86,4,15,'NULL','NULL'),(86,4,16,'NULL','NULL'),(86,4,17,'NULL','NULL'),(86,4,18,'NULL','NULL'),(86,4,19,'NULL','NULL'),(86,4,20,'NULL','NULL'),(86,4,21,'NULL','NULL'),(86,4,22,'NULL','NULL'),(86,4,23,'NULL','NULL'),(86,4,24,'NULL','NULL'),(86,4,25,'NULL','NULL'),(86,4,26,'NULL','NULL'),(86,5,15,'NULL','NULL'),(86,5,16,'NULL','NULL'),(86,5,17,'NULL','NULL'),(86,5,18,'NULL','NULL'),(86,5,19,'NULL','NULL'),(86,5,20,'NULL','NULL'),(86,5,21,'NULL','NULL'),(86,5,22,'NULL','NULL'),(86,5,23,'NULL','NULL'),(86,5,24,'NULL','NULL'),(86,5,25,'NULL','NULL'),(86,5,26,'NULL','NULL'),(86,6,15,'NULL','NULL'),(86,6,16,'NULL','NULL'),(86,6,17,'NULL','NULL'),(86,6,18,'NULL','NULL'),(86,6,19,'NULL','NULL'),(86,6,20,'NULL','NULL'),(86,6,21,'NULL','NULL'),(86,6,22,'NULL','NULL'),(86,6,23,'NULL','NULL'),(86,6,24,'NULL','NULL'),(86,6,25,'NULL','NULL'),(86,6,26,'NULL','NULL'),(88,1,21,'353','NULL'),(88,1,23,'353','NULL'),(88,1,24,'353','NULL'),(88,1,25,'353','NULL'),(88,1,26,'353','NULL'),(88,2,15,'4140','NULL'),(88,2,16,'4207','NULL'),(88,2,17,'4140','NULL'),(88,2,18,'3997','NULL'),(88,2,19,'4140','NULL'),(88,2,20,'4140','NULL'),(88,2,21,'4140','NULL'),(88,2,22,'4140','NULL'),(88,3,15,'NULL','NULL'),(88,3,16,'NULL','NULL'),(88,3,17,'NULL','NULL'),(88,3,18,'NULL','NULL'),(88,3,19,'NULL','NULL'),(88,3,20,'NULL','NULL'),(88,3,21,'NULL','NULL'),(88,3,22,'NULL','NULL'),(88,3,23,'NULL','NULL'),(88,3,24,'NULL','NULL'),(88,3,25,'NULL','NULL'),(88,3,26,'NULL','NULL'),(88,5,15,'NULL','NULL'),(88,5,16,'NULL','NULL'),(88,5,17,'NULL','NULL'),(88,5,18,'NULL','NULL'),(88,5,19,'NULL','NULL'),(88,5,20,'NULL','NULL'),(88,5,21,'NULL','NULL'),(88,5,22,'NULL','NULL'),(88,5,23,'NULL','NULL'),(88,5,24,'NULL','NULL'),(88,5,25,'NULL','NULL'),(88,5,26,'NULL','NULL'),(88,6,15,'NULL','NULL'),(88,6,16,'NULL','NULL'),(88,6,17,'NULL','NULL'),(88,6,18,'NULL','NULL'),(88,6,19,'NULL','NULL'),(88,6,20,'NULL','NULL'),(88,6,21,'NULL','NULL'),(88,6,22,'NULL','NULL'),(88,6,23,'NULL','NULL'),(88,6,24,'NULL','NULL'),(88,6,25,'NULL','NULL'),(88,6,26,'NULL','NULL'),(89,1,21,'353','NULL'),(89,1,23,'353','NULL'),(89,1,24,'353','NULL'),(89,1,25,'353','NULL'),(89,1,26,'353','NULL'),(89,2,15,'4282','NULL'),(89,2,16,'4894','NULL'),(89,2,17,'4282','NULL'),(89,2,18,'4568','NULL'),(89,2,19,'4282','NULL'),(89,2,20,'4282','NULL'),(89,2,21,'4282','NULL'),(89,2,22,'4282','NULL'),(89,3,15,'NULL','NULL'),(89,3,16,'NULL','NULL'),(89,3,17,'NULL','NULL'),(89,3,18,'NULL','NULL'),(89,3,19,'NULL','NULL'),(89,3,20,'NULL','NULL'),(89,3,21,'NULL','NULL'),(89,3,22,'NULL','NULL'),(89,3,23,'NULL','NULL'),(89,3,24,'NULL','NULL'),(89,3,25,'NULL','NULL'),(89,3,26,'NULL','NULL'),(89,5,15,'NULL','NULL'),(89,5,16,'NULL','NULL'),(89,5,17,'NULL','NULL'),(89,5,18,'NULL','NULL'),(89,5,19,'NULL','NULL'),(89,5,20,'NULL','NULL'),(89,5,21,'NULL','NULL'),(89,5,22,'NULL','NULL'),(89,5,23,'NULL','NULL'),(89,5,24,'NULL','NULL'),(89,5,25,'NULL','NULL'),(89,5,26,'NULL','NULL'),(89,6,15,'NULL','NULL'),(89,6,16,'NULL','NULL'),(89,6,17,'NULL','NULL'),(89,6,18,'NULL','NULL'),(89,6,19,'NULL','NULL'),(89,6,20,'NULL','NULL'),(89,6,21,'NULL','NULL'),(89,6,22,'NULL','NULL'),(89,6,23,'NULL','NULL'),(89,6,24,'NULL','NULL'),(89,6,25,'NULL','NULL'),(89,6,26,'NULL','NULL'),(92,1,21,'353','NULL'),(92,1,23,'353','NULL'),(92,1,24,'353','NULL'),(92,1,25,'353','NULL'),(92,1,26,'353','NULL'),(92,2,15,'4207','NULL'),(92,2,16,'3283','NULL'),(92,2,17,'4207','NULL'),(92,2,18,'4207','NULL'),(92,2,19,'4207','NULL'),(92,2,20,'4207','NULL'),(92,2,21,'4207','NULL'),(92,2,22,'4207','NULL'),(92,3,15,'NULL','NULL'),(92,3,16,'NULL','NULL'),(92,3,17,'NULL','NULL'),(92,3,18,'NULL','NULL'),(92,3,19,'NULL','NULL'),(92,3,20,'NULL','NULL'),(92,3,21,'NULL','NULL'),(92,3,22,'NULL','NULL'),(92,3,23,'NULL','NULL'),(92,3,24,'NULL','NULL'),(92,3,25,'NULL','NULL'),(92,3,26,'NULL','NULL'),(92,4,15,'NULL','NULL'),(92,4,16,'NULL','NULL'),(92,4,17,'NULL','NULL'),(92,4,18,'NULL','NULL'),(92,4,19,'NULL','NULL'),(92,4,20,'NULL','NULL'),(92,4,21,'NULL','NULL'),(92,4,22,'NULL','NULL'),(92,4,23,'NULL','NULL'),(92,4,24,'NULL','NULL'),(92,4,25,'NULL','NULL'),(92,4,26,'NULL','NULL'),(92,5,15,'NULL','NULL'),(92,5,16,'NULL','NULL'),(92,5,17,'NULL','NULL'),(92,5,18,'NULL','NULL'),(92,5,19,'NULL','NULL'),(92,5,20,'NULL','NULL'),(92,5,21,'NULL','NULL'),(92,5,22,'NULL','NULL'),(92,5,23,'NULL','NULL'),(92,5,24,'NULL','NULL'),(92,5,25,'NULL','NULL'),(92,5,26,'NULL','NULL'),(92,6,15,'NULL','NULL'),(92,6,16,'NULL','NULL'),(92,6,17,'NULL','NULL'),(92,6,18,'NULL','NULL'),(92,6,19,'NULL','NULL'),(92,6,20,'NULL','NULL'),(92,6,21,'NULL','NULL'),(92,6,22,'NULL','NULL'),(92,6,23,'NULL','NULL'),(92,6,24,'NULL','NULL'),(92,6,25,'NULL','NULL'),(92,6,26,'NULL','NULL'),(93,1,21,'353','NULL'),(93,1,23,'353','NULL'),(93,1,24,'353','NULL'),(93,1,25,'353','NULL'),(93,1,26,'353','NULL'),(93,2,15,'3915','NULL'),(93,2,16,'4140','NULL'),(93,3,15,'NULL','NULL'),(93,3,16,'NULL','NULL'),(93,3,17,'NULL','NULL'),(93,3,18,'NULL','NULL'),(93,3,19,'NULL','NULL'),(93,3,20,'NULL','NULL'),(93,3,21,'NULL','NULL'),(93,3,22,'NULL','NULL'),(93,3,23,'NULL','NULL'),(93,3,24,'NULL','NULL'),(93,3,25,'NULL','NULL'),(93,3,26,'NULL','NULL'),(93,4,15,'NULL','NULL'),(93,4,16,'NULL','NULL'),(93,4,17,'NULL','NULL'),(93,4,18,'NULL','NULL'),(93,4,19,'NULL','NULL'),(93,4,20,'NULL','NULL'),(93,4,21,'NULL','NULL'),(93,4,22,'NULL','NULL'),(93,4,23,'NULL','NULL'),(93,4,24,'NULL','NULL'),(93,4,25,'NULL','NULL'),(93,4,26,'NULL','NULL'),(93,5,15,'NULL','NULL'),(93,5,16,'NULL','NULL'),(93,5,17,'NULL','NULL'),(93,5,18,'NULL','NULL'),(93,5,19,'NULL','NULL'),(93,5,20,'NULL','NULL'),(93,5,21,'NULL','NULL'),(93,5,22,'NULL','NULL'),(93,5,23,'NULL','NULL'),(93,5,24,'NULL','NULL'),(93,5,25,'NULL','NULL'),(93,5,26,'NULL','NULL'),(93,6,15,'NULL','NULL'),(93,6,16,'NULL','NULL'),(93,6,17,'NULL','NULL'),(93,6,18,'NULL','NULL'),(93,6,19,'NULL','NULL'),(93,6,20,'NULL','NULL'),(93,6,21,'NULL','NULL'),(93,6,22,'NULL','NULL'),(93,6,23,'NULL','NULL'),(93,6,24,'NULL','NULL'),(93,6,25,'NULL','NULL'),(93,6,26,'NULL','NULL'),(94,1,21,'353','NULL'),(94,1,23,'353','NULL'),(94,1,24,'353','NULL'),(94,1,25,'353','NULL'),(94,1,26,'353','NULL'),(94,2,15,'5383','NULL'),(94,2,16,'4282','NULL'),(94,3,15,'NULL','NULL'),(94,3,16,'NULL','NULL'),(94,3,17,'NULL','NULL'),(94,3,18,'NULL','NULL'),(94,3,19,'NULL','NULL'),(94,3,20,'NULL','NULL'),(94,3,21,'NULL','NULL'),(94,3,22,'NULL','NULL'),(94,3,23,'NULL','NULL'),(94,3,24,'NULL','NULL'),(94,3,25,'NULL','NULL'),(94,3,26,'NULL','NULL'),(94,5,15,'NULL','NULL'),(94,5,16,'NULL','NULL'),(94,5,17,'NULL','NULL'),(94,5,18,'NULL','NULL'),(94,5,19,'NULL','NULL'),(94,5,20,'NULL','NULL'),(94,5,21,'NULL','NULL'),(94,5,22,'NULL','NULL'),(94,5,23,'NULL','NULL'),(94,5,24,'NULL','NULL'),(94,5,25,'NULL','NULL'),(94,5,26,'NULL','NULL'),(94,6,15,'NULL','NULL'),(94,6,16,'NULL','NULL'),(94,6,17,'NULL','NULL'),(94,6,18,'NULL','NULL'),(94,6,19,'NULL','NULL'),(94,6,20,'NULL','NULL'),(94,6,21,'NULL','NULL'),(94,6,22,'NULL','NULL'),(94,6,23,'NULL','NULL'),(94,6,24,'NULL','NULL'),(94,6,25,'NULL','NULL'),(94,6,26,'NULL','NULL'),(97,1,21,'353','NULL'),(97,1,23,'353','NULL'),(97,1,24,'353','NULL'),(97,1,25,'353','NULL'),(97,1,26,'353','NULL'),(97,3,15,'NULL','NULL'),(97,3,16,'NULL','NULL'),(97,3,17,'NULL','NULL'),(97,3,18,'NULL','NULL'),(97,3,19,'NULL','NULL'),(97,3,20,'NULL','NULL'),(97,3,21,'NULL','NULL'),(97,3,22,'NULL','NULL'),(97,3,23,'NULL','NULL'),(97,3,24,'NULL','NULL'),(97,3,25,'NULL','NULL'),(97,3,26,'NULL','NULL'),(97,5,15,'NULL','NULL'),(97,5,16,'NULL','NULL'),(97,5,17,'NULL','NULL'),(97,5,18,'NULL','NULL'),(97,5,19,'NULL','NULL'),(97,5,20,'NULL','NULL'),(97,5,21,'NULL','NULL'),(97,5,22,'NULL','NULL'),(97,5,23,'NULL','NULL'),(97,5,24,'NULL','NULL'),(97,5,25,'NULL','NULL'),(97,5,26,'NULL','NULL'),(97,6,15,'NULL','NULL'),(97,6,16,'NULL','NULL'),(97,6,17,'NULL','NULL'),(97,6,18,'NULL','NULL'),(97,6,19,'NULL','NULL'),(97,6,20,'NULL','NULL'),(97,6,21,'NULL','NULL'),(97,6,22,'NULL','NULL'),(97,6,23,'NULL','NULL'),(97,6,24,'NULL','NULL'),(97,6,25,'NULL','NULL'),(97,6,26,'NULL','NULL'),(98,1,21,'353','NULL'),(98,1,23,'353','NULL'),(98,1,24,'353','NULL'),(98,1,25,'353','NULL'),(98,1,26,'353','NULL'),(98,3,15,'NULL','NULL'),(98,3,16,'NULL','NULL'),(98,3,17,'NULL','NULL'),(98,3,18,'NULL','NULL'),(98,3,19,'NULL','NULL'),(98,3,20,'NULL','NULL'),(98,3,21,'NULL','NULL'),(98,3,22,'NULL','NULL'),(98,3,23,'NULL','NULL'),(98,3,24,'NULL','NULL'),(98,3,25,'NULL','NULL'),(98,3,26,'NULL','NULL'),(98,5,15,'NULL','NULL'),(98,5,16,'NULL','NULL'),(98,5,17,'NULL','NULL'),(98,5,18,'NULL','NULL'),(98,5,19,'NULL','NULL'),(98,5,20,'NULL','NULL'),(98,5,21,'NULL','NULL'),(98,5,22,'NULL','NULL'),(98,5,23,'NULL','NULL'),(98,5,24,'NULL','NULL'),(98,5,25,'NULL','NULL'),(98,5,26,'NULL','NULL'),(98,6,15,'NULL','NULL'),(98,6,16,'NULL','NULL'),(98,6,17,'NULL','NULL'),(98,6,18,'NULL','NULL'),(98,6,19,'NULL','NULL'),(98,6,20,'NULL','NULL'),(98,6,21,'NULL','NULL'),(98,6,22,'NULL','NULL'),(98,6,23,'NULL','NULL'),(98,6,24,'NULL','NULL'),(98,6,25,'NULL','NULL'),(98,6,26,'NULL','NULL'),(99,1,21,'353','NULL'),(99,1,23,'353','NULL'),(99,1,24,'353','NULL'),(99,1,25,'353','NULL'),(99,1,26,'353','NULL'),(99,2,21,'4357','NULL'),(99,2,22,'4357','NULL'),(99,3,15,'NULL','NULL'),(99,3,16,'NULL','NULL'),(99,3,17,'NULL','NULL'),(99,3,18,'NULL','NULL'),(99,3,19,'NULL','NULL'),(99,3,20,'NULL','NULL'),(99,3,21,'NULL','NULL'),(99,3,22,'NULL','NULL'),(99,3,23,'NULL','NULL'),(99,3,24,'NULL','NULL'),(99,3,25,'NULL','NULL'),(99,3,26,'NULL','NULL'),(99,5,15,'NULL','NULL'),(99,5,16,'NULL','NULL'),(99,5,17,'NULL','NULL'),(99,5,18,'NULL','NULL'),(99,5,19,'NULL','NULL'),(99,5,20,'NULL','NULL'),(99,5,21,'NULL','NULL'),(99,5,22,'NULL','NULL'),(99,5,23,'NULL','NULL'),(99,5,24,'NULL','NULL'),(99,5,25,'NULL','NULL'),(99,5,26,'NULL','NULL'),(99,6,15,'NULL','NULL'),(99,6,16,'NULL','NULL'),(99,6,17,'NULL','NULL'),(99,6,18,'NULL','NULL'),(99,6,19,'NULL','NULL'),(99,6,20,'NULL','NULL'),(99,6,21,'NULL','NULL'),(99,6,22,'NULL','NULL'),(99,6,23,'NULL','NULL'),(99,6,24,'NULL','NULL'),(99,6,25,'NULL','NULL'),(99,6,26,'NULL','NULL'),(101,1,21,'353','NULL'),(101,1,23,'353','NULL'),(101,1,24,'353','NULL'),(101,1,25,'353','NULL'),(101,1,26,'353','NULL'),(101,2,21,'4140','NULL'),(101,2,22,'4140','NULL'),(101,3,15,'NULL','NULL'),(101,3,16,'NULL','NULL'),(101,3,17,'NULL','NULL'),(101,3,18,'NULL','NULL'),(101,3,19,'NULL','NULL'),(101,3,20,'NULL','NULL'),(101,3,21,'NULL','NULL'),(101,3,22,'NULL','NULL'),(101,3,23,'NULL','NULL'),(101,3,24,'NULL','NULL'),(101,3,25,'NULL','NULL'),(101,3,26,'NULL','NULL'),(101,5,15,'NULL','NULL'),(101,5,16,'NULL','NULL'),(101,5,17,'NULL','NULL'),(101,5,18,'NULL','NULL'),(101,5,19,'NULL','NULL'),(101,5,20,'NULL','NULL'),(101,5,21,'NULL','NULL'),(101,5,22,'NULL','NULL'),(101,5,23,'NULL','NULL'),(101,5,24,'NULL','NULL'),(101,5,25,'NULL','NULL'),(101,5,26,'NULL','NULL'),(101,6,15,'NULL','NULL'),(101,6,16,'NULL','NULL'),(101,6,17,'NULL','NULL'),(101,6,18,'NULL','NULL'),(101,6,19,'NULL','NULL'),(101,6,20,'NULL','NULL'),(101,6,21,'NULL','NULL'),(101,6,22,'NULL','NULL'),(101,6,23,'NULL','NULL'),(101,6,24,'NULL','NULL'),(101,6,25,'NULL','NULL'),(101,6,26,'NULL','NULL'),(102,1,21,'353','NULL'),(102,1,23,'353','NULL'),(102,1,24,'353','NULL'),(102,1,25,'353','NULL'),(102,1,26,'353','NULL'),(102,3,15,'NULL','NULL'),(102,3,16,'NULL','NULL'),(102,3,17,'NULL','NULL'),(102,3,18,'NULL','NULL'),(102,3,19,'NULL','NULL'),(102,3,20,'NULL','NULL'),(102,3,21,'NULL','NULL'),(102,3,22,'NULL','NULL'),(102,3,23,'NULL','NULL'),(102,3,24,'NULL','NULL'),(102,3,25,'NULL','NULL'),(102,3,26,'NULL','NULL'),(102,5,15,'NULL','NULL'),(102,5,16,'NULL','NULL'),(102,5,17,'NULL','NULL'),(102,5,18,'NULL','NULL'),(102,5,19,'NULL','NULL'),(102,5,20,'NULL','NULL'),(102,5,21,'NULL','NULL'),(102,5,22,'NULL','NULL'),(102,5,23,'NULL','NULL'),(102,5,24,'NULL','NULL'),(102,5,25,'NULL','NULL'),(102,5,26,'NULL','NULL'),(102,6,15,'NULL','NULL'),(102,6,16,'NULL','NULL'),(102,6,17,'NULL','NULL'),(102,6,18,'NULL','NULL'),(102,6,19,'NULL','NULL'),(102,6,20,'NULL','NULL'),(102,6,21,'NULL','NULL'),(102,6,22,'NULL','NULL'),(102,6,23,'NULL','NULL'),(102,6,24,'NULL','NULL'),(102,6,25,'NULL','NULL'),(102,6,26,'NULL','NULL'),(104,1,21,'353','NULL'),(104,1,23,'353','NULL'),(104,1,24,'353','NULL'),(104,1,25,'353','NULL'),(104,1,26,'353','NULL'),(104,3,15,'NULL','NULL'),(104,3,16,'NULL','NULL'),(104,3,17,'NULL','NULL'),(104,3,18,'NULL','NULL'),(104,3,19,'NULL','NULL'),(104,3,20,'NULL','NULL'),(104,3,21,'NULL','NULL'),(104,3,22,'NULL','NULL'),(104,3,23,'NULL','NULL'),(104,3,24,'NULL','NULL'),(104,3,25,'NULL','NULL'),(104,3,26,'NULL','NULL'),(104,5,15,'NULL','NULL'),(104,5,16,'NULL','NULL'),(104,5,17,'NULL','NULL'),(104,5,18,'NULL','NULL'),(104,5,19,'NULL','NULL'),(104,5,20,'NULL','NULL'),(104,5,21,'NULL','NULL'),(104,5,22,'NULL','NULL'),(104,5,23,'NULL','NULL'),(104,5,24,'NULL','NULL'),(104,5,25,'NULL','NULL'),(104,5,26,'NULL','NULL'),(104,6,15,'NULL','NULL'),(104,6,16,'NULL','NULL'),(104,6,17,'NULL','NULL'),(104,6,18,'NULL','NULL'),(104,6,19,'NULL','NULL'),(104,6,20,'NULL','NULL'),(104,6,21,'NULL','NULL'),(104,6,22,'NULL','NULL'),(104,6,23,'NULL','NULL'),(104,6,24,'NULL','NULL'),(104,6,25,'NULL','NULL'),(104,6,26,'NULL','NULL'),(105,1,21,'353','NULL'),(105,1,23,'353','NULL'),(105,1,24,'353','NULL'),(105,1,25,'353','NULL'),(105,1,26,'353','NULL'),(105,3,15,'NULL','NULL'),(105,3,16,'NULL','NULL'),(105,3,17,'NULL','NULL'),(105,3,18,'NULL','NULL'),(105,3,19,'NULL','NULL'),(105,3,20,'NULL','NULL'),(105,3,21,'NULL','NULL'),(105,3,22,'NULL','NULL'),(105,3,23,'NULL','NULL'),(105,3,24,'NULL','NULL'),(105,3,25,'NULL','NULL'),(105,3,26,'NULL','NULL'),(105,5,15,'NULL','NULL'),(105,5,16,'NULL','NULL'),(105,5,17,'NULL','NULL'),(105,5,18,'NULL','NULL'),(105,5,19,'NULL','NULL'),(105,5,20,'NULL','NULL'),(105,5,21,'NULL','NULL'),(105,5,22,'NULL','NULL'),(105,5,23,'NULL','NULL'),(105,5,24,'NULL','NULL'),(105,5,25,'NULL','NULL'),(105,5,26,'NULL','NULL'),(105,6,15,'NULL','NULL'),(105,6,16,'NULL','NULL'),(105,6,17,'NULL','NULL'),(105,6,18,'NULL','NULL'),(105,6,19,'NULL','NULL'),(105,6,20,'NULL','NULL'),(105,6,21,'NULL','NULL'),(105,6,22,'NULL','NULL'),(105,6,23,'NULL','NULL'),(105,6,24,'NULL','NULL'),(105,6,25,'NULL','NULL'),(105,6,26,'NULL','NULL');
/*!40000 ALTER TABLE `nomina` ENABLE KEYS */;
UNLOCK TABLES;

--
-- Table structure for table `periodos`
--

DROP TABLE IF EXISTS `periodos`;
/*!40101 SET @saved_cs_client     = @@character_set_client */;
/*!40101 SET character_set_client = utf8 */;
CREATE TABLE `periodos` (
  `Id_Periodo` int(11) NOT NULL,
  `Mes` int(11) NOT NULL,
  `Anio` int(11) NOT NULL,
  PRIMARY KEY (`Id_Periodo`)
) ENGINE=InnoDB DEFAULT CHARSET=utf8mb4;
/*!40101 SET character_set_client = @saved_cs_client */;

--
-- Dumping data for table `periodos`
--

LOCK TABLES `periodos` WRITE;
/*!40000 ALTER TABLE `periodos` DISABLE KEYS */;
INSERT INTO `periodos` VALUES (1,1,2020),(2,2,2020),(3,3,2020),(4,4,2020),(5,5,2020),(6,6,2020),(7,7,2020),(8,8,2020),(9,9,2020),(10,10,2020),(11,11,2020),(12,12,2020),(13,1,2021),(14,2,2021),(15,3,2021),(16,4,2021),(17,5,2021),(18,6,2021),(19,7,2021),(20,8,2021),(21,9,2021),(22,10,2021),(23,11,2021),(24,12,2021),(25,1,2022),(26,2,2022),(27,3,2022),(28,4,2022),(29,5,2022),(30,6,2022),(31,7,2022),(32,8,2022),(33,9,2022),(34,10,2022),(35,11,2022),(36,12,2022);
/*!40000 ALTER TABLE `periodos` ENABLE KEYS */;
UNLOCK TABLES;

--
-- Table structure for table `tipo_contrato`
--

DROP TABLE IF EXISTS `tipo_contrato`;
/*!40101 SET @saved_cs_client     = @@character_set_client */;
/*!40101 SET character_set_client = utf8 */;
CREATE TABLE `tipo_contrato` (
  `ID_TIPO` int(11) NOT NULL,
  `NOMBRE_TIPO` text NOT NULL,
  PRIMARY KEY (`ID_TIPO`)
) ENGINE=InnoDB DEFAULT CHARSET=utf8mb4;
/*!40101 SET character_set_client = @saved_cs_client */;

--
-- Dumping data for table `tipo_contrato`
--

LOCK TABLES `tipo_contrato` WRITE;
/*!40000 ALTER TABLE `tipo_contrato` DISABLE KEYS */;
INSERT INTO `tipo_contrato` VALUES (1,'Contrato a Termino Indefinido'),(2,'Contrato a termino fijo'),(3,'Contrato de Obra o labor '),(4,'Contrato temporal, ocasional o accidental'),(5,'Contrato de aprendizaje '),(6,'Contrato civil por prestacion de servicios');
/*!40000 ALTER TABLE `tipo_contrato` ENABLE KEYS */;
UNLOCK TABLES;
/*!40103 SET TIME_ZONE=@OLD_TIME_ZONE */;

/*!40101 SET SQL_MODE=@OLD_SQL_MODE */;
/*!40014 SET FOREIGN_KEY_CHECKS=@OLD_FOREIGN_KEY_CHECKS */;
/*!40014 SET UNIQUE_CHECKS=@OLD_UNIQUE_CHECKS */;
/*!40101 SET CHARACTER_SET_CLIENT=@OLD_CHARACTER_SET_CLIENT */;
/*!40101 SET CHARACTER_SET_RESULTS=@OLD_CHARACTER_SET_RESULTS */;
/*!40101 SET COLLATION_CONNECTION=@OLD_COLLATION_CONNECTION */;
/*!40111 SET SQL_NOTES=@OLD_SQL_NOTES */;

-- Dump completed on 2022-10-08  1:00:42
